Rank,Player,Year,Age,Draft,Team,League,Games Played,Games Started,Years,Pro-Bowl Selections,First-Team All-Pro Selections,Approximate Value
1,David Harris,2009,25,2-47,NYJ,NFL,16,16,1,0,0,21
2,Darrelle Revis,2009,24,1-14,NYJ,NFL,16,16,1,1,1,21
3,Chris Johnson,2009,24,1-24,TEN,NFL,16,16,1,1,1,19
4,Philip Rivers,2009,28,1-4,SDG,NFL,16,16,1,1,0,19
5,Aaron Rodgers,2009,26,1-24,GNB,NFL,16,16,1,1,0,19
6,Patrick Willis,2009,24,1-11,SFO,NFL,16,16,1,1,1,19
7,Jahri Evans,2009,26,4-108,NOR,NFL,16,16,1,1,1,18
8,Jay Ratliff,2009,28,7-224,DAL,NFL,16,16,1,1,1,18
9,Ray Rice,2009,22,2-55,BAL,NFL,16,15,1,1,0,18
10,Steve Hutchinson,2009,32,1-17,MIN,NFL,16,16,1,1,1,17
11,Peyton Manning,2009,33,1-1,IND,NFL,16,16,1,1,1,17
12,Jared Allen,2009,27,4-126,MIN,NFL,16,16,1,1,1,16
13,Tom Brady,2009,32,6-199,NWE,NFL,16,16,1,1,0,16
14,Drew Brees,2009,30,2-32,NOR,NFL,15,15,1,1,0,16
15,Kris Dielman,2009,28,,SDG,NFL,16,16,1,1,0,16
16,Shaun Ellis,2009,32,1-12,NYJ,NFL,15,15,1,1,0,16
17,Brett Favre,2009,40,2-33,MIN,NFL,16,16,1,1,0,16
18,Ray Lewis,2009,34,1-26,BAL,NFL,16,16,1,1,1,16
19,Logan Mankins,2009,27,1-32,NWE,NFL,16,16,1,1,0,16
20,Adrian Peterson,2009,24,1-7,MIN,NFL,16,15,1,1,1,16
21,Sione Pouha,2009,30,3-88,NYJ,NFL,16,14,1,0,0,16
22,DeMarcus Ware,2009,27,1-11,DAL,NFL,16,15,1,1,1,16
23,Charles Woodson,2009,33,1-4,GNB,NFL,16,16,1,1,1,16
24,Jon Beason,2009,24,1-25,CAR,NFL,16,16,1,1,0,15
25,Elvis Dumervil,2009,25,4-126,DEN,NFL,16,14,1,1,1,15
26,Leon Hall,2009,25,1-18,CIN,NFL,16,16,1,0,0,15
27,Julius Peppers,2009,29,1-2,CAR,NFL,16,14,1,1,0,15
28,Matt Schaub,2009,28,3-90,HOU,NFL,16,16,1,1,0,15
29,Darnell Dockett,2009,28,3-64,ARI,NFL,16,16,1,1,0,14
30,Antonio Gates,2009,29,,SDG,NFL,16,16,1,1,0,14
31,James Harrison,2009,31,,PIT,NFL,16,16,1,1,0,14
32,DeSean Jackson,2009,23,2-49,PHI,NFL,15,15,1,1,0,14
33,Vincent Jackson,2009,26,2-61,SDG,NFL,15,15,1,1,0,14
34,Andre Johnson,2009,28,1-3,HOU,NFL,16,16,1,1,1,14
35,Sidney Rice,2009,23,2-44,MIN,NFL,16,14,1,1,0,14
36,Ben Roethlisberger,2009,27,1-11,PIT,NFL,15,15,1,0,0,14
37,Tony Romo,2009,29,,DAL,NFL,16,16,1,1,0,14
38,Reggie Wayne,2009,31,1-30,IND,NFL,16,16,1,1,0,14
39,Wes Welker,2009,28,,NWE,NFL,14,13,1,1,1,14
40,Kevin Williams,2009,29,1-9,MIN,NFL,16,16,1,1,1,14
41,LaMarr Woodley,2009,25,2-46,PIT,NFL,16,16,1,1,0,14
42,Ryan Clady,2009,23,1-12,DEN,NFL,16,16,1,1,1,13
43,Joe Flacco,2009,24,1-18,BAL,NFL,16,16,1,0,0,13
44,David Garrard,2009,31,4-108,JAX,NFL,16,16,1,1,0,13
45,Maurice Jones-Drew,2009,24,2-60,JAX,NFL,16,16,1,1,0,13
46,Jake Long,2009,24,1-1,MIA,NFL,16,16,1,1,0,13
47,Eli Manning,2009,28,1-1,NYG,NFL,16,16,1,0,0,13
48,Donovan McNabb,2009,33,1-2,PHI,NFL,14,14,1,1,0,13
49,Randy Moss,2009,32,1-21,NWE,NFL,16,16,1,0,0,13
50,Darren Sharper,2009,34,2-60,NOR,NFL,14,14,1,1,1,13
51,Justin Smith,2009,30,1-4,SFO,NFL,16,16,1,1,0,13
52,Dallas Clark,2009,30,1-24,IND,NFL,16,16,1,1,1,12
53,Trent Cole,2009,27,5-146,PHI,NFL,16,16,1,1,0,12
54,Jonathan Goodwin,2009,31,5-154,NOR,NFL,16,16,1,1,0,12
55,Frank Gore,2009,26,3-65,SFO,NFL,14,14,1,1,0,12
56,Ryan Grant,2009,27,,GNB,NFL,16,16,1,0,0,12
57,Andre Gurode,2009,31,2-37,DAL,NFL,16,16,1,1,0,12
58,Bryant McKinnie,2009,30,1-7,MIN,NFL,16,16,1,1,0,12
59,Terence Newman,2009,31,1-5,DAL,NFL,16,16,1,1,0,12
60,Haloti Ngata,2009,25,1-12,BAL,NFL,14,13,1,1,0,12
61,Asante Samuel,2009,28,4-120,PHI,NFL,16,16,1,1,0,12
62,Jeff Saturday,2009,34,,IND,NFL,16,16,1,1,0,12
63,Bart Scott,2009,29,,NYJ,NFL,16,16,1,0,0,12
64,Jon Stinchcomb,2009,30,2-37,NOR,NFL,16,16,1,1,0,12
65,Roddy White,2009,28,1-27,ATL,NFL,16,16,1,1,0,12
66,Adrian Wilson,2009,30,3-64,ARI,NFL,16,16,1,1,1,12
67,Nnamdi Asomugha,2009,28,1-31,OAK,NFL,16,16,1,1,0,11
68,Miles Austin,2009,25,,DAL,NFL,16,9,1,1,0,11
69,Jason Campbell,2009,28,1-25,WAS,NFL,16,16,1,0,0,11
70,Daryn Colledge,2009,27,2-47,GNB,NFL,16,16,1,0,0,11
71,Marques Colston,2009,26,7-252,NOR,NFL,16,14,1,0,0,11
72,Brian Cushing,2009,22,1-15,HOU,NFL,16,16,1,1,0,11
73,David Diehl,2009,29,5-160,NYG,NFL,16,16,1,1,0,11
74,Donald Driver,2009,34,7-213,GNB,NFL,16,16,1,0,0,11
75,Dwight Freeney,2009,29,1-11,IND,NFL,14,9,1,1,1,11
76,Percy Harvin,2009,21,1-22,MIN,NFL,15,8,1,1,0,11
77,Santonio Holmes,2009,25,1-25,PIT,NFL,16,16,1,0,0,11
78,Mike Jenkins,2009,24,1-25,DAL,NFL,16,15,1,1,0,11
79,Greg Jennings,2009,26,2-52,GNB,NFL,16,13,1,0,0,11
80,Derrick Mason,2009,35,4-98,BAL,NFL,16,16,1,0,0,11
81,Clay Matthews,2009,23,1-26,GNB,NFL,16,13,1,1,0,11
82,Shaun O'Hara,2009,32,,NYG,NFL,16,16,1,1,0,11
83,Kyle Orton,2009,27,4-106,DEN,NFL,16,15,1,0,0,11
84,Ed Reed,2009,31,1-24,BAL,NFL,12,12,1,1,0,11
85,Michael Roos,2009,27,2-41,TEN,NFL,16,16,1,0,0,11
86,Josh Sitton,2009,23,4-135,GNB,NFL,16,16,1,0,0,11
87,Steve Smith,2009,24,2-51,NYG,NFL,16,15,1,1,0,11
88,Chris Snee,2009,27,2-34,NYG,NFL,16,16,1,1,0,11
89,Bryan Thomas,2009,30,1-22,NYJ,NFL,16,14,1,0,0,11
90,Kurt Warner,2009,38,,ARI,NFL,15,15,1,0,0,11
91,Vince Wilfork,2009,28,1-21,NWE,NFL,13,13,1,1,0,11
92,Mario Williams,2009,24,1-1,HOU,NFL,16,16,1,1,0,11
93,Joseph Addai,2009,26,1-30,IND,NFL,15,15,1,0,0,10
94,Lance Briggs,2009,29,3-68,CHI,NFL,15,15,1,1,0,10
95,Nick Collins,2009,26,2-51,GNB,NFL,16,16,1,1,0,10
96,Jay Cutler,2009,26,1-11,CHI,NFL,16,16,1,0,0,10
97,Leonard Davis,2009,31,1-2,DAL,NFL,16,16,1,1,0,10
98,Brian Dawkins,2009,36,2-61,DEN,NFL,16,16,1,1,0,10
99,London Fletcher,2009,34,,WAS,NFL,16,16,1,1,0,10
100,Casey Hampton,2009,32,1-19,PIT,NFL,16,16,1,1,0,10
101,Ryan Kalil,2009,24,2-59,CAR,NFL,16,16,1,1,0,10
102,Dan Koppen,2009,30,5-164,NWE,NFL,16,16,1,0,0,10
103,Nick Mangold,2009,25,1-29,NYJ,NFL,16,16,1,1,1,10
104,Marcus McNeill,2009,26,2-50,SDG,NFL,16,16,1,0,0,10
105,Rashard Mendenhall,2009,22,1-23,PIT,NFL,16,12,1,0,0,10
106,Brandon Meriweather,2009,25,1-24,NWE,NFL,16,16,1,1,0,10
107,Jason Peters,2009,27,,PHI,NFL,15,15,1,1,0,10
108,Dominique Rodgers-Cromartie,2009,23,1-16,ARI,NFL,16,16,1,1,0,10
109,Matt Ryan,2009,24,1-3,ATL,NFL,14,14,1,0,0,10
110,DeMeco Ryans,2009,25,2-33,HOU,NFL,16,16,1,1,0,10
111,Darren Sproles,2009,26,4-130,SDG,NFL,16,2,1,0,0,10
112,Jonathan Vilma,2009,27,1-12,NOR,NFL,15,15,1,1,0,10
113,Hines Ward,2009,33,3-92,PIT,NFL,16,16,1,0,0,10
114,Scott Wells,2009,28,7-251,GNB,NFL,15,14,1,0,0,10
115,DeAngelo Williams,2009,26,1-27,CAR,NFL,13,13,1,1,0,10
116,Ricky Williams,2009,32,1-5,MIA,NFL,16,7,1,0,0,10
117,Champ Bailey,2009,31,1-7,DEN,NFL,16,16,1,1,0,9
118,Nick Barnett,2009,28,1-29,GNB,NFL,16,16,1,0,0,9
119,Antoine Bethea,2009,25,6-207,IND,NFL,16,16,1,1,0,9
120,Justin Blalock,2009,26,2-39,ATL,NFL,16,16,1,0,0,9
121,Anquan Boldin,2009,29,2-54,ARI,NFL,15,15,1,0,0,9
122,Duane Brown,2009,24,1-26,HOU,NFL,16,16,1,0,0,9
123,Brent Celek,2009,24,5-162,PHI,NFL,16,15,1,0,0,9
124,Jamaal Charles,2009,23,3-73,KAN,NFL,15,10,1,0,0,9
125,Tyson Clabo,2009,28,,ATL,NFL,16,16,1,0,0,9
126,Willie Colon,2009,26,4-131,PIT,NFL,16,16,1,0,0,9
127,Vernon Davis,2009,25,1-6,SFO,NFL,16,16,1,1,0,9
128,Ryan Diem,2009,30,4-118,IND,NFL,15,15,1,0,0,9
129,Trai Essex,2009,27,3-93,PIT,NFL,16,16,1,0,0,9
130,Larry Fitzgerald,2009,26,1-3,ARI,NFL,16,16,1,1,0,9
131,Malcom Floyd,2009,28,,SDG,NFL,16,9,1,0,0,9
132,Matt Forte,2009,24,2-44,CHI,NFL,16,16,1,0,0,9
133,Aubrayo Franklin,2009,29,5-146,SFO,NFL,16,16,1,0,0,9
134,Pierre Garcon,2009,23,6-205,IND,NFL,14,13,1,0,0,9
135,Robert Geathers,2009,26,4-117,CIN,NFL,15,15,1,0,0,9
136,Dashon Goldson,2009,25,4-126,SFO,NFL,16,16,1,0,0,9
137,Tony Gonzalez,2009,33,1-13,ATL,NFL,16,16,1,0,0,9
138,Chad Greenway,2009,26,1-17,MIN,NFL,16,16,1,0,0,9
139,Gary Guyton,2009,24,,NWE,NFL,16,16,1,0,0,9
140,Parys Haralson,2009,25,5-140,SFO,NFL,16,16,1,0,0,9
141,Justin Hartwig,2009,31,6-187,PIT,NFL,16,16,1,0,0,9
142,Fred Jackson,2009,28,,BUF,NFL,16,11,1,0,0,9
143,Bradie James,2009,28,4-103,DAL,NFL,16,16,1,0,0,9
144,Chad Johnson,2009,31,2-36,CIN,NFL,16,15,1,1,0,9
145,Dhani Jones,2009,31,6-177,CIN,NFL,16,16,1,0,0,9
146,Thomas Jones,2009,31,1-7,NYJ,NFL,16,16,1,0,0,9
147,Manny Lawson,2009,25,1-22,SFO,NFL,16,16,1,0,0,9
148,Ryan Lilja,2009,28,,IND,NFL,16,16,1,0,0,9
149,Phil Loadholt,2009,23,2-54,MIN,NFL,15,15,1,0,0,9
150,Brandon Marshall,2009,25,4-119,DEN,NFL,15,13,1,1,0,9
151,Kevin Mawae,2009,38,2-36,TEN,NFL,16,16,1,1,0,9
152,Todd McClure,2009,32,7-237,ATL,NFL,16,16,1,0,0,9
153,Chris Myers,2009,28,6-200,HOU,NFL,16,16,1,0,0,9
154,Carl Nicks,2009,24,5-164,NOR,NFL,16,16,1,0,0,9
155,Brian Orakpo,2009,23,1-13,WAS,NFL,16,16,1,1,0,9
156,Calvin Pace,2009,29,1-18,NYJ,NFL,12,12,1,0,0,9
157,Carson Palmer,2009,30,1-1,CIN,NFL,16,16,1,0,0,9
158,Aaron Schobel,2009,32,2-46,BUF,NFL,16,16,1,0,0,9
159,Bryan Scott,2009,28,2-55,BUF,NFL,9,9,1,0,0,9
160,Steve Smith,2009,30,3-74,CAR,NFL,15,15,1,0,0,9
161,Anthony Spencer,2009,25,1-26,DAL,NFL,16,16,1,0,0,9
162,Takeo Spikes,2009,33,1-13,SFO,NFL,15,15,1,0,0,9
163,Max Starks,2009,27,3-75,PIT,NFL,16,16,1,0,0,9
164,Jonathan Stewart,2009,22,1-13,CAR,NFL,16,3,1,0,0,9
165,John Sullivan,2009,24,6-187,MIN,NFL,16,16,1,0,0,9
166,Joe Thomas,2009,25,1-3,CLE,NFL,16,16,1,1,1,9
167,Pierre Thomas,2009,25,,NOR,NFL,14,6,1,0,0,9
168,Louis Vasquez,2009,22,3-78,SDG,NFL,14,14,1,0,0,9
169,D.J. Williams,2009,27,1-17,DEN,NFL,16,16,1,0,0,9
170,Eric Winston,2009,26,3-66,HOU,NFL,16,16,1,0,0,9
171,Jason Witten,2009,27,3-69,DAL,NFL,16,16,1,1,0,9
172,Flozell Adams,2009,34,2-38,DAL,NFL,16,16,1,0,0,8
173,Jonathan Babineaux,2009,28,2-59,ATL,NFL,16,16,1,0,0,8
174,Sam Baker,2009,24,1-21,ATL,NFL,14,14,1,0,0,8
175,Marion Barber,2009,26,4-109,DAL,NFL,15,15,1,0,0,8
176,Cedric Benson,2009,27,1-4,CIN,NFL,13,13,1,0,0,8
177,Matt Birk,2009,33,6-173,BAL,NFL,16,16,1,0,0,8
178,Tyler Brayton,2009,30,1-32,CAR,NFL,15,15,1,0,0,8
179,Keith Brooking,2009,34,1-12,DAL,NFL,16,14,1,0,0,8
180,Levi Brown,2009,25,1-5,ARI,NFL,16,16,1,0,0,8
181,Jermon Bushrod,2009,25,4-125,NOR,NFL,15,14,1,0,0,8
182,Jairus Byrd,2009,23,2-42,BUF,NFL,14,11,1,1,0,8
183,Vernon Carey,2009,28,1-19,MIA,NFL,16,16,1,0,0,8
184,Andre Carter,2009,30,1-7,WAS,NFL,16,16,1,0,0,8
185,Chad Clifton,2009,33,2-44,GNB,NFL,12,12,1,0,0,8
186,Nick Cole,2009,25,,PHI,NFL,16,16,1,0,0,8
187,Austin Collie,2009,24,4-127,IND,NFL,16,5,1,0,0,8
188,Stephen Cooper,2009,30,,SDG,NFL,16,16,1,0,0,8
189,Jerricho Cotchery,2009,27,4-108,NYJ,NFL,14,12,1,0,0,8
190,Karlos Dansby,2009,28,2-33,ARI,NFL,16,16,1,0,0,8
191,Ray Edwards,2009,24,4-127,MIN,NFL,16,16,1,0,0,8
192,James Farrior,2009,34,1-8,PIT,NFL,16,16,1,0,0,8
193,Chris Gamble,2009,26,1-28,CAR,NFL,16,16,1,0,0,8
194,Roberto Garza,2009,30,4-99,CHI,NFL,16,16,1,0,0,8
195,Kelly Gregg,2009,33,6-173,BAL,NFL,16,14,1,0,0,8
196,Ben Grubbs,2009,25,1-29,BAL,NFL,16,16,1,0,0,8
197,A.J. Hawk,2009,25,1-5,GNB,NFL,16,14,1,0,0,8
198,Devery Henderson,2009,27,2-50,NOR,NFL,16,11,1,0,0,8
199,Chad Henne,2009,24,2-57,MIA,NFL,14,13,1,0,0,8
200,Anthony Herrera,2009,29,,MIN,NFL,14,14,1,0,0,8
201,Tim Hightower,2009,23,5-149,ARI,NFL,16,16,1,0,0,8
202,Jamaal Jackson,2009,29,,PHI,NFL,15,15,1,0,0,8
203,Steven Jackson,2009,26,1-24,STL,NFL,15,15,1,1,0,8
204,Cullen Jenkins,2009,28,,GNB,NFL,16,16,1,0,0,8
205,Jarret Johnson,2009,28,4-109,BAL,NFL,16,16,1,0,0,8
206,Johnny Jolly,2009,26,6-183,GNB,NFL,16,16,1,0,0,8
207,Johnathan Joseph,2009,25,1-24,CIN,NFL,16,16,1,0,0,8
208,Winston Justice,2009,25,2-39,PHI,NFL,16,16,1,0,0,8
209,Nick Kaczur,2009,30,3-100,NWE,NFL,14,13,1,0,0,8
210,Brett Keisel,2009,31,7-242,PIT,NFL,15,15,1,0,0,8
211,Chris Kelsay,2009,30,2-48,BUF,NFL,16,16,1,0,0,8
212,Kyle Kosier,2009,31,7-248,DAL,NFL,16,16,1,0,0,8
213,Olin Kreutz,2009,32,3-64,CHI,NFL,16,16,1,0,0,8
214,Jim Leonhard,2009,27,,NYJ,NFL,16,16,1,0,0,8
215,Damione Lewis,2009,31,1-12,CAR,NFL,16,16,1,0,0,8
216,Curtis Lofton,2009,23,2-37,ATL,NFL,16,16,1,0,0,8
217,Deuce Lutui,2009,26,2-41,ARI,NFL,16,16,1,0,0,8
218,Vince Manuwai,2009,29,3-72,JAX,NFL,16,16,1,0,0,8
219,Richard Marshall,2009,25,2-58,CAR,NFL,16,16,1,0,0,8
220,LeSean McCoy,2009,21,2-53,PHI,NFL,16,4,1,0,0,8
221,Rocky McIntosh,2009,27,2-35,WAS,NFL,16,16,1,0,0,8
222,Robert Meachem,2009,25,1-27,NOR,NFL,16,7,1,0,0,8
223,Brad Meester,2009,32,2-60,JAX,NFL,16,16,1,0,0,8
224,Quintin Mikell,2009,29,,PHI,NFL,16,16,1,1,0,8
225,Scott Mruczkowski,2009,27,7-242,SDG,NFL,14,13,1,0,0,8
226,Michael Oher,2009,23,1-23,BAL,NFL,16,16,1,0,0,8
227,Mike Peterson,2009,33,2-36,ATL,NFL,16,16,1,0,0,8
228,Kerry Rhodes,2009,27,4-123,NYJ,NFL,16,14,1,0,0,8
229,Antrel Rolle,2009,27,1-8,ARI,NFL,15,15,1,1,0,8
230,Lyle Sendlein,2009,25,,ARI,NFL,16,16,1,0,0,8
231,Rich Seubert,2009,30,,NYG,NFL,14,14,1,0,0,8
232,Mike Sims-Walker,2009,25,3-79,JAX,NFL,15,14,1,0,0,8
233,Will Smith,2009,28,1-18,NOR,NFL,16,16,1,0,0,8
234,Isaac Sopoaga,2009,28,4-104,SFO,NFL,16,16,1,0,0,8
235,Shawntae Spencer,2009,27,2-58,SFO,NFL,16,16,1,0,0,8
236,Marcus Stroud,2009,31,1-13,BUF,NFL,15,15,1,0,0,8
237,Kasey Studdard,2009,25,6-183,HOU,NFL,16,14,1,0,0,8
238,Kyle Vanden Bosch,2009,31,2-34,TEN,NFL,16,16,1,1,0,8
239,Reggie Wells,2009,29,6-177,ARI,NFL,16,16,1,0,0,8
240,Andrew Whitworth,2009,28,2-55,CIN,NFL,16,16,1,0,0,8
241,Chris Williams,2009,22,1-14,CHI,NFL,16,16,1,0,0,8
242,Vince Young,2009,26,1-3,TEN,NFL,12,10,1,1,0,8
243,John Abraham,2009,31,1-13,ATL,NFL,16,15,1,0,0,7
244,Eugene Amano,2009,27,7-239,TEN,NFL,16,15,1,0,0,7
245,David Baas,2009,28,2-33,SFO,NFL,16,16,1,0,0,7
246,Tully Banta-Cain,2009,29,7-239,NWE,NFL,16,10,1,0,0,7
247,Yeremiah Bell,2009,31,6-213,MIA,NFL,16,15,1,1,0,7
248,Earl Bennett,2009,22,3-70,CHI,NFL,16,15,1,0,0,7
249,Bernard Berrian,2009,29,3-78,MIN,NFL,16,15,1,0,0,7
250,Davone Bess,2009,24,,MIA,NFL,16,2,1,0,0,7
251,Leigh Bodden,2009,28,,NWE,NFL,15,14,1,0,0,7
252,David Bowens,2009,32,5-158,CLE,NFL,16,15,1,0,0,7
253,Gary Brackett,2009,29,,IND,NFL,14,14,1,0,0,7
254,Ahmad Bradshaw,2009,23,7-250,NYG,NFL,15,1,1,0,0,7
255,Kenny Britt,2009,21,1-30,TEN,NFL,16,6,1,0,0,7
256,Eben Britton,2009,22,2-39,JAX,NFL,15,15,1,0,0,7
257,Alex Brown,2009,30,4-104,CHI,NFL,16,16,1,0,0,7
258,Mike Brown,2009,31,2-39,KAN,NFL,16,16,1,0,0,7
259,Sheldon Brown,2009,30,2-59,PHI,NFL,16,16,1,0,0,7
260,Keith Bulluck,2009,32,1-30,TEN,NFL,14,14,1,0,0,7
261,Brodrick Bunkley,2009,26,1-14,PHI,NFL,16,16,1,0,0,7
262,Calais Campbell,2009,23,2-50,ARI,NFL,16,15,1,0,0,7
263,Matt Cassel,2009,27,7-230,KAN,NFL,15,15,1,0,0,7
264,Chris Chester,2009,26,2-56,BAL,NFL,16,13,1,0,0,7
265,Ryan Clark,2009,30,,PIT,NFL,15,15,1,0,0,7
266,Patrick Crayton,2009,30,7-216,DAL,NFL,16,6,1,0,0,7
267,Josh Cribbs,2009,26,,CLE,NFL,16,12,1,1,1,7
268,Phillip Daniels,2009,36,4-99,WAS,NFL,16,15,1,0,0,7
269,Andra Davis,2009,31,5-141,DEN,NFL,16,13,1,0,0,7
270,Thomas DeCoud,2009,24,3-98,ATL,NFL,16,16,1,0,0,7
271,Derrick Dockery,2009,29,3-81,WAS,NFL,16,16,1,0,0,7
272,Glenn Dorsey,2009,24,1-5,KAN,NFL,15,14,1,0,0,7
273,Dwan Edwards,2009,28,2-51,BAL,NFL,16,9,1,0,0,7
274,Alan Faneca,2009,33,1-26,NYJ,NFL,16,16,1,1,0,7
275,Jonathan Fanene,2009,27,7-233,CIN,NFL,16,10,1,0,0,7
276,D'Brickashaw Ferguson,2009,26,1-4,NYJ,NFL,16,16,1,1,0,7
277,Ronald Fields,2009,28,5-137,DEN,NFL,16,16,1,0,0,7
278,Jermichael Finley,2009,22,3-91,GNB,NFL,13,10,1,0,0,7
279,Brandon Flowers,2009,23,2-35,KAN,NFL,15,15,1,0,0,7
280,Domonique Foxworth,2009,26,3-97,BAL,NFL,16,16,1,0,0,7
281,Andre' Goodman,2009,31,3-68,DEN,NFL,16,16,1,0,0,7
282,Charles Grant,2009,31,1-25,NOR,NFL,16,16,1,0,0,7
283,Deon Grant,2009,30,2-57,SEA,NFL,16,16,1,0,0,7
284,Jarvis Green,2009,30,4-126,NWE,NFL,13,12,1,0,0,7
285,Cedric Griffin,2009,27,2-48,MIN,NFL,16,16,1,0,0,7
286,Mario Haggan,2009,29,7-228,DEN,NFL,16,16,1,0,0,7
287,Clark Haggans,2009,32,5-137,ARI,NFL,16,14,1,0,0,7
288,Tamba Hali,2009,26,1-20,KAN,NFL,16,16,1,0,0,7
289,Roman Harper,2009,27,2-43,NOR,NFL,16,16,1,1,0,7
290,Jerome Harrison,2009,26,5-145,CLE,NFL,14,7,1,0,0,7
291,Derrick Harvey,2009,23,1-8,JAX,NFL,16,16,1,0,0,7
292,Matt Hasselbeck,2009,34,6-187,SEA,NFL,14,14,1,0,0,7
293,David Hawthorne,2009,24,,SEA,NFL,16,11,1,0,0,7
294,Eric Heitmann,2009,29,7-239,SFO,NFL,16,16,1,0,0,7
295,Stephon Heyer,2009,25,,WAS,NFL,16,16,1,0,0,7
296,Torry Holt,2009,33,1-6,JAX,NFL,15,12,1,0,0,7
297,Michael Jenkins,2009,27,1-29,ATL,NFL,15,9,1,0,0,7
298,Calvin Johnson,2009,24,1-2,DET,NFL,14,14,1,0,0,7
299,Charlie Johnson,2009,25,6-199,IND,NFL,12,12,1,0,0,7
300,Chris Kemoeatu,2009,26,6-204,PIT,NFL,12,12,1,0,0,7
301,Terrance Knighton,2009,23,3-72,JAX,NFL,16,16,1,0,0,7
302,Dawan Landry,2009,27,5-146,BAL,NFL,16,16,1,0,0,7
303,James Laurinaitis,2009,23,2-35,STL,NFL,16,16,1,0,0,7
304,Michael Lewis,2009,29,2-58,SFO,NFL,15,15,1,0,0,7
305,Matt Light,2009,31,2-48,NWE,NFL,11,11,1,0,0,7
306,Jeremy Maclin,2009,21,1-19,PHI,NFL,15,13,1,0,0,7
307,Mario Manningham,2009,23,3-95,NYG,NFL,14,10,1,0,0,7
308,Laurence Maroney,2009,24,1-21,NWE,NFL,15,5,1,0,0,7
309,Robert Mathis,2009,28,5-138,IND,NFL,14,9,1,1,0,7
310,Rey Maualuga,2009,22,2-38,CIN,NFL,15,15,1,0,0,7
311,Jerod Mayo,2009,23,1-10,NWE,NFL,13,12,1,0,0,7
312,Brandon Mebane,2009,24,3-85,SEA,NFL,15,15,1,0,0,7
313,Heath Miller,2009,27,1-30,PIT,NFL,16,16,1,1,0,7
314,Kirk Morrison,2009,27,3-78,OAK,NFL,16,16,1,0,0,7
315,Santana Moss,2009,30,1-16,WAS,NFL,16,16,1,0,0,7
316,Steve Neal,2009,33,,NWE,NFL,12,12,1,0,0,7
317,Stephen Nicholas,2009,26,4-109,ATL,NFL,16,13,1,0,0,7
318,Hakeem Nicks,2009,21,1-29,NYG,NFL,14,6,1,0,0,7
319,Amobi Okoye,2009,22,1-10,HOU,NFL,16,16,1,0,0,7
320,Igor Olshansky,2009,27,2-35,DAL,NFL,16,14,1,0,0,7
321,Terrell Owens,2009,36,3-89,BUF,NFL,16,16,1,0,0,7
322,Mike Patterson,2009,26,1-31,PHI,NFL,16,16,1,0,0,7
323,Kenny Peterson,2009,31,3-79,DEN,NFL,16,14,1,0,0,7
324,Shaun Phillips,2009,28,4-98,SDG,NFL,16,16,1,0,0,7
325,Paul Posluszny,2009,25,2-34,BUF,NFL,12,12,1,0,0,7
326,Casey Rabach,2009,32,3-92,WAS,NFL,16,16,1,0,0,7
327,Keith Rivers,2009,23,1-9,CIN,NFL,13,13,1,0,0,7
328,Bryan Robinson,2009,35,,ARI,NFL,16,15,1,0,0,7
329,Barrett Ruud,2009,26,2-36,TAM,NFL,16,16,1,0,0,7
330,Jake Scott,2009,28,5-141,TEN,NFL,16,16,1,0,0,7
331,Gerald Sensabaugh,2009,26,5-157,DAL,NFL,15,15,1,0,0,7
332,Clint Session,2009,25,4-136,IND,NFL,14,14,1,0,0,7
333,Scott Shanle,2009,30,7-251,NOR,NFL,14,14,1,0,0,7
334,Steve Slaton,2009,23,3-89,HOU,NFL,11,10,1,0,0,7
335,Alex Smith,2009,25,1-1,SFO,NFL,11,10,1,0,0,7
336,Antonio Smith,2009,28,5-135,HOU,NFL,16,15,1,0,0,7
337,Daryl Smith,2009,27,2-39,JAX,NFL,16,16,1,0,0,7
338,Robaire Smith,2009,32,6-197,CLE,NFL,15,15,1,0,0,7
339,Jason Snelling,2009,26,7-244,ATL,NFL,14,2,1,0,0,7
340,Adam Snyder,2009,27,3-94,SFO,NFL,16,16,1,0,0,7
341,Marcus Spears,2009,26,1-20,DAL,NFL,16,14,1,0,0,7
342,Randy Starks,2009,26,3-71,MIA,NFL,16,16,1,0,0,7
343,David Stewart,2009,27,4-113,TEN,NFL,15,15,1,0,0,7
344,Terrell Suggs,2009,27,1-10,BAL,NFL,13,13,1,0,0,7
345,Chester Taylor,2009,30,6-207,MIN,NFL,16,0,1,0,0,7
346,Ike Taylor,2009,29,4-125,PIT,NFL,16,16,1,0,0,7
347,Hollis Thomas,2009,35,,2TM,NFL,16,13,1,0,0,7
348,Lawrence Timmons,2009,23,1-15,PIT,NFL,14,13,1,0,0,7
349,LaDainian Tomlinson,2009,30,1-5,SDG,NFL,14,14,1,0,0,7
350,Michael Turner,2009,27,5-154,ATL,NFL,11,11,1,0,0,7
351,Max Unger,2009,23,2-49,SEA,NFL,16,16,1,0,0,7
352,Keydrick Vincent,2009,31,,CAR,NFL,16,16,1,0,0,7
353,Mike Wallace,2009,23,3-84,PIT,NFL,16,4,1,0,0,7
354,Ty Warren,2009,28,1-13,NWE,NFL,13,12,1,0,0,7
355,Travelle Wharton,2009,28,3-94,CAR,NFL,16,16,1,0,0,7
356,Casey Wiegmann,2009,36,,DEN,NFL,16,16,1,0,0,7
357,Kyle Williams,2009,26,5-134,BUF,NFL,14,14,1,0,0,7
358,Pat Williams,2009,37,,MIN,NFL,15,15,1,0,0,7
359,Ray Willis,2009,27,4-105,SEA,NFL,16,16,1,0,0,7
360,Antoine Winfield,2009,32,1-23,MIN,NFL,10,9,1,1,0,7
361,Will Witherspoon,2009,29,3-73,2TM,NFL,17,16,1,0,0,7
362,Eric Wright,2009,24,2-53,CLE,NFL,16,16,1,0,0,7
363,Mike Wright,2009,27,,NWE,NFL,16,9,1,0,0,7
364,Jason Avant,2009,26,4-109,PHI,NFL,16,9,1,0,0,6
365,Akin Ayodele,2009,30,3-89,MIA,NFL,16,15,1,0,0,6
366,Remi Ayodele,2009,26,,NOR,NFL,15,13,1,0,0,6
367,Jordan Babineaux,2009,27,,SEA,NFL,16,16,1,0,0,6
368,Jeff Backus,2009,32,1-18,DET,NFL,16,16,1,0,0,6
369,Ronde Barber,2009,34,3-66,TAM,NFL,16,16,1,0,0,6
370,Quincy Black,2009,25,3-68,TAM,NFL,16,13,1,0,0,6
371,Steve Breaston,2009,26,5-142,ARI,NFL,15,6,1,0,0,6
372,Tony Brown,2009,29,,TEN,NFL,15,15,1,0,0,6
373,Correll Buckhalter,2009,31,4-121,DEN,NFL,14,7,1,0,0,6
374,Nate Burleson,2009,28,3-71,SEA,NFL,13,12,1,0,0,6
375,Reggie Bush,2009,24,1-2,NOR,NFL,14,8,1,0,0,6
376,Brandon Carr,2009,23,5-140,KAN,NFL,16,16,1,0,0,6
377,Tyrone Carter,2009,33,4-118,PIT,NFL,16,12,1,0,0,6
378,Luis Castillo,2009,26,1-28,SDG,NFL,14,14,1,0,0,6
379,Jacques Cesaire,2009,29,,SDG,NFL,13,13,1,0,0,6
380,Gosder Cherilus,2009,25,1-17,DET,NFL,15,15,1,0,0,6
381,Jeromey Clary,2009,26,6-187,SDG,NFL,10,10,1,0,0,6
382,Colin Cole,2009,29,,SEA,NFL,16,15,1,0,0,6
383,Erik Coleman,2009,27,5-143,ATL,NFL,16,16,1,0,0,6
384,Kenyon Coleman,2009,30,5-147,CLE,NFL,13,13,1,0,0,6
385,Kyle Cook,2009,26,,CIN,NFL,16,16,1,0,0,6
386,Derek Cox,2009,23,3-73,JAX,NFL,16,16,1,0,0,6
387,Michael Crabtree,2009,22,1-10,SFO,NFL,11,11,1,0,0,6
388,Chris Crocker,2009,29,3-84,CIN,NFL,13,13,1,0,0,6
389,Antonio Cromartie,2009,25,1-19,SDG,NFL,16,16,1,0,0,6
390,Harvey Dahl,2009,28,,ATL,NFL,11,11,1,0,0,6
391,Kyle DeVan,2009,24,,IND,NFL,15,9,1,0,0,6
392,Mike DeVito,2009,25,,NYJ,NFL,15,1,1,0,0,6
393,Zach Diles,2009,24,7-218,HOU,NFL,16,12,1,0,0,6
394,Brandyn Dombrowski,2009,24,,SDG,NFL,16,8,1,0,0,6
395,Justin Durant,2009,24,2-48,JAX,NFL,13,13,1,0,0,6
396,Braylon Edwards,2009,26,1-3,2TM,NFL,16,15,1,0,0,6
397,Ron Edwards,2009,30,3-76,KAN,NFL,16,14,1,0,0,6
398,Abram Elam,2009,28,,CLE,NFL,16,16,1,0,0,6
399,Greg Ellis,2009,34,1-8,OAK,NFL,14,14,1,0,0,6
400,Kevin Faulk,2009,33,2-46,NWE,NFL,15,7,1,0,0,6
401,Justin Forsett,2009,24,7-233,SEA,NFL,16,2,1,0,0,6
402,Jabar Gaffney,2009,29,2-33,DEN,NFL,16,7,1,0,0,6
403,Jared Gaither,2009,23,5-0,BAL,NFL,11,11,1,0,0,6
404,Mike Gandy,2009,30,3-68,ARI,NFL,12,12,1,0,0,6
405,William Gay,2009,24,5-170,PIT,NFL,16,14,1,0,0,6
406,Ted Ginn,2009,24,1-9,MIA,NFL,16,12,1,0,0,6
407,Tavares Gooden,2009,25,3-71,BAL,NFL,12,12,1,0,0,6
408,Cornelius Griffin,2009,33,2-42,WAS,NFL,14,14,1,0,0,6
409,DeAngelo Hall,2009,26,1-8,WAS,NFL,13,12,1,0,0,6
410,James Hall,2009,32,,STL,NFL,14,14,1,0,0,6
411,Geoff Hangartner,2009,27,5-169,BUF,NFL,16,16,1,0,0,6
412,Chris Harris,2009,27,6-181,CAR,NFL,13,13,1,0,0,6
413,Tommie Harris,2009,26,1-14,CHI,NFL,15,15,1,0,0,6
414,Geno Hayes,2009,22,6-175,TAM,NFL,15,13,1,0,0,6
415,Gerald Hayes,2009,29,3-70,ARI,NFL,14,13,1,0,0,6
416,Albert Haynesworth,2009,28,1-15,WAS,NFL,12,12,1,0,0,6
417,Todd Heap,2009,29,1-31,BAL,NFL,16,16,1,0,0,6
418,E.J. Henderson,2009,29,2-40,MIN,NFL,12,12,1,0,0,6
419,John Henderson,2009,30,1-9,JAX,NFL,15,15,1,0,0,6
420,Todd Herremans,2009,27,4-126,PHI,NFL,11,11,1,0,0,6
421,Devin Hester,2009,27,2-57,CHI,NFL,13,12,1,0,0,6
422,Renaldo Hill,2009,31,7-202,DEN,NFL,15,15,1,0,0,6
423,Hunter Hillenmeyer,2009,29,5-166,CHI,NFL,14,13,1,0,0,6
424,T.J. Houshmandzadeh,2009,32,7-204,SEA,NFL,16,16,1,0,0,6
425,Chris Hovan,2009,31,1-25,TAM,NFL,16,16,1,0,0,6
426,Thomas Howard,2009,26,2-38,OAK,NFL,16,15,1,0,0,6
427,Tanard Jackson,2009,24,4-106,TAM,NFL,12,12,1,0,0,6
428,Tyson Jackson,2009,23,1-3,KAN,NFL,16,14,1,0,0,6
429,Brandon Jacobs,2009,27,4-110,NYG,NFL,15,15,1,0,0,6
430,Quentin Jammer,2009,30,1-5,SDG,NFL,16,16,1,0,0,6
431,Sebastian Janikowski,2009,31,1-17,OAK,NFL,16,0,1,0,0,6
432,Antonio Johnson,2009,25,5-152,IND,NFL,15,15,1,0,0,6
433,Tank Johnson,2009,28,2-47,CIN,NFL,14,13,1,0,0,6
434,Tyrell Johnson,2009,24,2-43,MIN,NFL,15,15,1,0,0,6
435,Davin Joseph,2009,26,1-23,TAM,NFL,16,16,1,0,0,6
436,Tommy Kelly,2009,29,,OAK,NFL,16,16,1,0,0,6
437,Patrick Kerney,2009,33,1-30,SEA,NFL,15,14,1,0,0,6
438,Chris Kuper,2009,27,5-161,DEN,NFL,15,15,1,0,0,6
439,LaRon Landry,2009,25,1-6,WAS,NFL,15,15,1,0,0,6
440,Ben Leber,2009,31,3-71,MIN,NFL,16,13,1,0,0,6
441,Shane Lechler,2009,33,5-142,OAK,NFL,16,0,1,1,1,6
442,Andy Levitre,2009,23,2-51,BUF,NFL,16,16,1,0,0,6
443,Corey Mays,2009,26,,KAN,NFL,16,13,1,0,0,6
444,Ryan McBean,2009,25,4-132,DEN,NFL,14,14,1,0,0,6
445,Kareem McKenzie,2009,30,3-79,NYG,NFL,12,12,1,0,0,6
446,Shawne Merriman,2009,25,1-12,SDG,NFL,14,14,1,0,0,6
447,Eugene Monroe,2009,22,1-8,JAX,NFL,15,13,1,0,0,6
448,Knowshon Moreno,2009,22,1-12,DEN,NFL,16,9,1,0,0,6
449,Rudy Niswanger,2009,27,,KAN,NFL,16,16,1,0,0,6
450,Uche Nwaneri,2009,25,5-149,JAX,NFL,16,13,1,0,0,6
451,Adewale Ogunleye,2009,32,,CHI,NFL,14,14,1,0,0,6
452,Chike Okeafor,2009,33,3-89,ARI,NFL,13,13,1,0,0,6
453,Frank Omiyale,2009,27,5-163,CHI,NFL,16,12,1,0,0,6
454,Jeff Otah,2009,23,1-19,CAR,NFL,13,13,1,0,0,6
455,Donald Penn,2009,26,,TAM,NFL,16,16,1,0,0,6
456,Sabby Piscitelli,2009,26,2-64,TAM,NFL,16,15,1,0,0,6
457,Bernard Pollard,2009,25,2-54,HOU,NFL,13,13,1,0,0,6
458,Joey Porter,2009,32,3-73,MIA,NFL,14,14,1,0,0,6
459,Chilo Rachal,2009,23,2-39,SFO,NFL,16,15,1,0,0,6
460,Dominic Raiola,2009,31,2-50,DET,NFL,16,16,1,0,0,6
461,Nick Roach,2009,24,,CHI,NFL,16,15,1,0,0,6
462,Carlos Rogers,2009,28,1-9,WAS,NFL,16,15,1,0,0,6
463,Dennis Roland,2009,26,,CIN,NFL,16,12,1,0,0,6
464,Clifton Ryan,2009,25,5-154,STL,NFL,16,15,1,0,0,6
465,Mark Sanchez,2009,23,1-5,NYJ,NFL,15,15,1,0,0,6
466,Richard Seymour,2009,30,1-6,OAK,NFL,16,16,1,0,0,6
467,Visanthe Shiancoe,2009,29,3-91,MIN,NFL,16,13,1,0,0,6
468,Jeremy Shockey,2009,29,1-14,NOR,NFL,13,12,1,0,0,6
469,Rob Sims,2009,26,4-128,SEA,NFL,14,14,1,0,0,6
470,Ryan Sims,2009,29,1-6,TAM,NFL,16,16,1,0,0,6
471,Justin Smiley,2009,28,2-46,MIA,NFL,15,12,1,0,0,6
472,Chris Spencer,2009,27,1-26,SEA,NFL,14,14,1,0,0,6
473,Aqib Talib,2009,23,1-20,TAM,NFL,15,15,1,0,0,6
474,Jason Taylor,2009,35,3-73,MIA,NFL,16,15,1,0,0,6
475,Adalius Thomas,2009,32,6-186,NWE,NFL,14,11,1,0,0,6
476,Donald Thomas,2009,24,6-195,MIA,NFL,16,12,1,0,0,6
477,Terrell Thomas,2009,24,2-63,NYG,NFL,16,16,1,0,0,6
478,Charles Tillman,2009,28,2-35,CHI,NFL,15,15,1,0,0,6
479,Jeremy Trueblood,2009,26,2-59,TAM,NFL,16,16,1,0,0,6
480,Justin Tuck,2009,26,3-74,NYG,NFL,16,15,1,0,0,6
481,Stephen Tulloch,2009,24,4-116,TEN,NFL,16,13,1,0,0,6
482,Sebastian Vollmer,2009,25,2-58,NWE,NFL,14,8,1,0,0,6
483,Mike Vrabel,2009,34,3-91,KAN,NFL,14,14,1,0,0,6
484,Gerard Warren,2009,31,1-3,OAK,NFL,16,16,1,0,0,6
485,Nate Washington,2009,26,,TEN,NFL,16,15,1,0,0,6
486,Brian Waters,2009,32,,KAN,NFL,15,15,1,0,0,6
487,Eric Weddle,2009,24,2-37,SDG,NFL,13,13,1,0,0,6
488,Beanie Wells,2009,21,1-31,ARI,NFL,16,0,1,0,0,6
489,Jimmy Wilkerson,2009,28,6-189,TAM,NFL,15,15,1,0,0,6
490,Bobbie Williams,2009,33,2-61,CIN,NFL,16,16,1,0,0,6
491,Demorrio Williams,2009,29,4-101,KAN,NFL,16,13,1,0,0,6
492,Madieu Williams,2009,28,2-56,MIN,NFL,16,16,1,0,0,6
493,George Wilson,2009,28,,BUF,NFL,16,12,1,0,0,6
494,Josh Wilson,2009,24,2-55,SEA,NFL,12,12,1,0,0,6
495,Kamerion Wimbley,2009,26,1-13,CLE,NFL,15,15,1,0,0,6
496,Kellen Winslow,2009,26,1-6,TAM,NFL,16,14,1,0,0,6
497,Jeremy Zuttah,2009,23,3-83,TAM,NFL,16,16,1,0,0,6
498,Anthony Adams,2009,29,2-57,CHI,NFL,16,8,1,0,0,5
499,Al Afalava,2009,22,6-190,CHI,NFL,13,13,1,0,0,5
500,Branden Albert,2009,25,1-15,KAN,NFL,14,14,1,0,0,5
501,Jamaal Anderson,2009,23,1-8,ATL,NFL,13,13,1,0,0,5
502,James Anderson,2009,26,3-88,CAR,NFL,16,7,1,0,0,5
503,O.J. Atogwe,2009,28,3-66,STL,NFL,12,12,1,0,0,5
504,Allen Barbre,2009,25,4-119,GNB,NFL,10,7,1,0,0,5
505,Ron Bartell,2009,27,2-50,STL,NFL,15,15,1,0,0,5
506,Mike Bell,2009,26,,NOR,NFL,13,3,1,0,0,5
507,Rob Bironas,2009,31,,TEN,NFL,16,0,1,0,0,5
508,Dre' Bly,2009,32,2-41,SFO,NFL,16,6,1,0,0,5
509,Kevin Boss,2009,25,5-153,NYG,NFL,15,15,1,0,0,5
510,Zackary Bowman,2009,25,5-142,CHI,NFL,16,12,1,0,0,5
511,Tyvon Branch,2009,23,4-100,OAK,NFL,16,16,1,0,0,5
512,Raheem Brock,2009,31,7-238,IND,NFL,16,8,1,0,0,5
513,Ronnie Brown,2009,28,1-2,MIA,NFL,9,9,1,0,0,5
514,Derrick Burgess,2009,31,3-63,NWE,NFL,16,6,1,0,0,5
515,James Butler,2009,27,,STL,NFL,13,13,1,0,0,5
516,Greg Camarillo,2009,27,,MIA,NFL,16,16,1,0,0,5
517,Cooper Carlisle,2009,32,4-112,OAK,NFL,16,16,1,0,0,5
518,Chris Chambers,2009,31,2-52,2TM,NFL,16,14,1,0,0,5
519,Mark Clayton,2009,27,1-22,BAL,NFL,14,12,1,0,0,5
520,Shaun Cody,2009,26,2-37,HOU,NFL,14,13,1,0,0,5
521,Barry Cofield,2009,25,4-124,NYG,NFL,16,16,1,0,0,5
522,Channing Crowder,2009,26,3-70,MIA,NFL,13,13,1,0,0,5
523,Aaron Curry,2009,23,1-4,SEA,NFL,14,12,1,0,0,5
524,Owen Daniels,2009,27,4-98,HOU,NFL,8,8,1,0,0,5
525,Louis Delmas,2009,22,2-33,DET,NFL,15,15,1,0,0,5
526,Na'il Diggs,2009,31,4-98,CAR,NFL,14,11,1,0,0,5
527,Marques Douglas,2009,32,,NYJ,NFL,16,12,1,0,0,5
528,Sedrick Ellis,2009,24,1-7,NOR,NFL,10,10,1,0,0,5
529,Lee Evans,2009,28,1-13,BUF,NFL,16,16,1,0,0,5
530,Cortland Finnegan,2009,25,7-215,TEN,NFL,13,13,1,0,0,5
531,Drayton Florence,2009,29,2-46,BUF,NFL,14,13,1,0,0,5
532,Larry Foote,2009,29,4-128,DET,NFL,14,14,1,0,0,5
533,Scott Fujita,2009,30,5-143,NOR,NFL,11,10,1,0,0,5
534,Nate Garner,2009,24,7-211,MIA,NFL,16,8,1,0,0,5
535,Charles Godfrey,2009,24,3-67,CAR,NFL,12,11,1,0,0,5
536,Michael Griffin,2009,24,1-19,TEN,NFL,16,15,1,0,0,5
537,Brent Grimes,2009,26,,ATL,NFL,16,8,1,0,0,5
538,Jake Grove,2009,29,2-45,MIA,NFL,12,10,1,0,0,5
539,Ken Hamlin,2009,28,2-42,DAL,NFL,12,12,1,0,0,5
540,Anthony Hargrove,2009,26,3-91,NOR,NFL,16,6,1,0,0,5
541,Brian Hartline,2009,23,4-108,MIA,NFL,16,2,1,0,0,5
542,Jovan Haye,2009,27,6-189,TEN,NFL,15,15,1,0,0,5
543,William Hayes,2009,24,4-103,TEN,NFL,16,11,1,0,0,5
544,Mario Henderson,2009,25,3-91,OAK,NFL,16,16,1,0,0,5
545,Russ Hochstein,2009,32,5-151,DEN,NFL,15,10,1,0,0,5
546,Chris Hope,2009,29,3-94,TEN,NFL,16,16,1,0,0,5
547,Michael Huff,2009,26,1-7,OAK,NFL,16,12,1,0,0,5
548,Clint Ingram,2009,26,3-80,JAX,NFL,13,12,1,0,0,5
549,Lawrence Jackson,2009,24,1-28,SEA,NFL,16,10,1,0,0,5
550,Chris Johnson,2009,30,7-245,OAK,NFL,15,15,1,0,0,5
551,Michael Johnson,2009,25,7-224,NYG,NFL,15,14,1,0,0,5
552,Thomas Johnson,2009,28,,ATL,NFL,13,10,1,0,0,5
553,Felix Jones,2009,22,1-22,DAL,NFL,14,1,1,0,0,5
554,Jacoby Jones,2009,25,3-73,HOU,NFL,14,1,1,0,0,5
555,Julius Jones,2009,28,2-43,SEA,NFL,14,14,1,0,0,5
556,Levi Jones,2009,30,1-10,WAS,NFL,9,8,1,0,0,5
557,Akeem Jordan,2009,24,,PHI,NFL,12,10,1,0,0,5
558,Nate Kaeding,2009,27,3-65,SDG,NFL,16,0,1,1,1,5
559,Aaron Kampman,2009,30,5-156,GNB,NFL,9,9,1,0,0,5
560,Dustin Keller,2009,25,1-30,NYJ,NFL,16,12,1,0,0,5
561,Johnny Knox,2009,23,5-140,CHI,NFL,15,0,1,1,0,5
562,Jacob Lacey,2009,22,,IND,NFL,16,9,1,0,0,5
563,Kendall Langford,2009,23,3-66,MIA,NFL,16,13,1,0,0,5
564,Marcedes Lewis,2009,25,1-28,JAX,NFL,15,15,1,0,0,5
565,Leonard Little,2009,35,3-65,STL,NFL,13,13,1,0,0,5
566,Ryan Longwell,2009,35,,MIN,NFL,16,0,1,0,0,5
567,Alex Mack,2009,24,1-21,CLE,NFL,16,16,1,0,0,5
568,Mohamed Massaquoi,2009,23,2-50,CLE,NFL,16,11,1,0,0,5
569,Bryant McFadden,2009,28,2-62,ARI,NFL,16,16,1,0,0,5
570,Willis McGahee,2009,28,1-23,BAL,NFL,16,1,1,0,0,5
571,Brandon McGowan,2009,26,,NWE,NFL,16,11,1,0,0,5
572,Zach Miller,2009,24,2-38,OAK,NFL,15,15,1,0,0,5
573,Brandon Moore,2009,29,,NYJ,NFL,16,16,1,0,0,5
574,Josh Morgan,2009,24,6-174,SFO,NFL,16,15,1,0,0,5
575,Muhsin Muhammad,2009,36,2-43,CAR,NFL,14,13,1,0,0,5
576,Daniel Muir,2009,26,,IND,NFL,16,10,1,0,0,5
577,Nedu Ndukwe,2009,24,7-253,CIN,NFL,16,12,1,0,0,5
578,Reggie Nelson,2009,26,1-21,JAX,NFL,16,14,1,0,0,5
579,Ryan O'Callaghan,2009,26,5-136,KAN,NFL,14,12,1,0,0,5
580,Greg Olsen,2009,24,1-31,CHI,NFL,16,15,1,0,0,5
581,Orlando Pace,2009,34,1-1,CHI,NFL,11,11,1,0,0,5
582,Juqua Parker,2009,31,,PHI,NFL,16,11,1,0,0,5
583,Domata Peko,2009,25,4-123,CIN,NFL,11,11,1,0,0,5
584,Julian Peterson,2009,31,1-16,DET,NFL,16,14,1,0,0,5
585,Ryan Pickett,2009,30,1-29,GNB,NFL,13,9,1,0,0,5
586,Mike Pollak,2009,24,2-59,IND,NFL,14,7,1,0,0,5
587,Tyler Polumbus,2009,24,,DEN,NFL,15,8,1,0,0,5
588,Brodney Pool,2009,25,2-34,CLE,NFL,11,10,1,0,0,5
589,Tracy Porter,2009,23,2-40,NOR,NFL,12,11,1,0,0,5
590,Jerraud Powers,2009,22,3-92,IND,NFL,12,12,1,0,0,5
591,Trevor Pryce,2009,34,1-28,BAL,NFL,16,7,1,0,0,5
592,Manuel Ramirez,2009,26,4-117,DET,NFL,13,12,1,0,0,5
593,Dunta Robinson,2009,27,1-10,HOU,NFL,16,16,1,0,0,5
594,Shaun Rogers,2009,30,2-61,CLE,NFL,11,11,1,0,0,5
595,Eddie Royal,2009,23,2-42,DEN,NFL,14,12,1,0,0,5
596,Brandon Siler,2009,24,7-240,SDG,NFL,16,7,1,0,0,5
597,Pat Sims,2009,24,3-77,CIN,NFL,16,8,1,0,0,5
598,Kevin Smith,2009,23,3-64,DET,NFL,13,13,1,0,0,5
599,Sean Smith,2009,22,2-61,MIA,NFL,16,16,1,0,0,5
600,Eric Steinbach,2009,29,2-33,CLE,NFL,16,16,1,0,0,5
601,Mark Tauscher,2009,32,7-224,GNB,NFL,8,8,1,0,0,5
602,Mike Thomas,2009,22,4-107,JAX,NFL,14,4,1,0,0,5
603,Jason Trusnik,2009,25,,2TM,NFL,16,10,1,0,0,5
604,Osi Umenyiora,2009,28,2-56,NYG,NFL,16,11,1,0,0,5
605,Kevin Walter,2009,28,7-255,HOU,NFL,14,14,1,0,0,5
606,Chris White,2009,26,,HOU,NFL,12,8,1,0,0,5
607,Cadillac Williams,2009,27,1-5,TAM,NFL,16,15,1,0,0,5
608,Roy Williams,2009,28,1-7,DAL,NFL,15,13,1,0,0,5
609,Gibril Wilson,2009,28,5-136,MIA,NFL,16,14,1,0,0,5
610,Damien Woody,2009,32,1-17,NYJ,NFL,16,16,1,0,0,5
611,Marshal Yanda,2009,25,3-86,BAL,NFL,16,9,1,0,0,5
612,Mike Adams,2009,28,,CLE,NFL,16,9,1,0,0,4
613,David Akers,2009,35,,PHI,NFL,16,0,1,1,0,4
614,Gerald Alexander,2009,25,2-61,JAX,NFL,15,10,1,0,0,4
615,Donnie Avery,2009,25,2-33,STL,NFL,16,16,1,0,0,4
616,Cliff Avril,2009,23,3-92,DET,NFL,13,11,1,0,0,4
617,Alex Barron,2009,27,1-19,STL,NFL,16,16,1,0,0,4
618,Eric Barton,2009,32,5-146,CLE,NFL,8,8,1,0,0,4
619,Jacob Bell,2009,28,5-138,STL,NFL,13,13,1,0,0,4
620,Joe Berger,2009,27,6-207,MIA,NFL,16,6,1,0,0,4
621,Mackenzy Bernadeau,2009,23,7-250,CAR,NFL,16,7,1,0,0,4
622,Bertrand Berry,2009,34,3-86,ARI,NFL,15,5,1,0,0,4
623,Kroy Biermann,2009,24,5-154,ATL,NFL,16,2,1,0,0,4
624,Atari Bigby,2009,28,,GNB,NFL,13,11,1,0,0,4
625,Michael Boley,2009,27,5-160,NYG,NFL,11,11,1,0,0,4
626,Dwayne Bowe,2009,25,1-23,KAN,NFL,11,9,1,0,0,4
627,Donald Brown,2009,22,1-27,IND,NFL,11,1,1,0,0,4
628,Jason Brown,2009,26,4-124,STL,NFL,16,16,1,0,0,4
629,Josh Brown,2009,30,7-222,STL,NFL,16,0,1,0,0,4
630,Antonio Bryant,2009,28,2-63,TAM,NFL,13,11,1,0,0,4
631,Melvin Bullitt,2009,25,,IND,NFL,14,12,1,0,0,4
632,Kevin Burnett,2009,27,2-42,SDG,NFL,11,7,1,0,0,4
633,Darius Butler,2009,23,2-41,NWE,NFL,14,5,1,0,0,4
634,Andre Caldwell,2009,24,3-97,CIN,NFL,16,3,1,0,0,4
635,John Carlson,2009,25,2-38,SEA,NFL,16,16,1,0,0,4
636,Dan Carpenter,2009,24,,MIA,NFL,16,0,1,1,0,4
637,Kirk Chambers,2009,30,6-176,BUF,NFL,14,9,1,0,0,4
638,Danny Clark,2009,32,7-245,NYG,NFL,16,11,1,0,0,4
639,Laveranues Coles,2009,32,3-78,CIN,NFL,16,13,1,0,0,4
640,Marc Colombo,2009,31,1-29,DAL,NFL,9,9,1,0,0,4
641,Reggie Corner,2009,26,4-114,BUF,NFL,16,8,1,0,0,4
642,Tim Crowder,2009,24,2-56,TAM,NFL,15,4,1,0,0,4
643,Fred Davis,2009,23,2-48,WAS,NFL,16,10,1,0,0,4
644,Thomas Davis,2009,26,1-14,CAR,NFL,7,7,1,0,0,4
645,Vontae Davis,2009,21,1-25,MIA,NFL,16,9,1,0,0,4
646,Reed Doughty,2009,27,6-173,WAS,NFL,15,7,1,0,0,4
647,Julian Edelman,2009,23,7-232,NWE,NFL,11,7,1,0,0,4
648,Keith Ellison,2009,25,6-178,BUF,NFL,8,8,1,0,0,4
649,Kevin Ellison,2009,22,6-189,SDG,NFL,13,9,1,0,0,4
650,Jeff Faine,2009,28,1-21,TAM,NFL,12,12,1,0,0,4
651,Heath Farwell,2009,28,,MIN,NFL,16,0,1,1,0,4
652,Jay Feely,2009,33,,NYJ,NFL,16,0,1,0,0,4
653,Eric Foster,2009,24,,IND,NFL,16,5,1,0,0,4
654,Ramon Foster,2009,23,,PIT,NFL,14,4,1,0,0,4
655,Keyaron Fox,2009,27,3-93,PIT,NFL,16,3,1,0,0,4
656,Doug Free,2009,25,4-122,DAL,NFL,16,7,1,0,0,4
657,Mike Furrey,2009,32,,CLE,NFL,16,4,1,0,0,4
658,Justin Gage,2009,28,5-143,TEN,NFL,12,10,1,0,0,4
659,Chris Gocong,2009,26,3-71,PHI,NFL,15,11,1,0,0,4
660,Adam Goldberg,2009,29,,STL,NFL,16,14,1,0,0,4
661,Stephen Gostkowski,2009,25,4-118,NWE,NFL,16,0,1,0,0,4
662,Robbie Gould,2009,27,,CHI,NFL,16,0,1,0,0,4
663,Ben Graham,2009,36,,ARI,NFL,16,0,1,0,0,4
664,Cornell Green,2009,33,,OAK,NFL,12,12,1,0,0,4
665,Steve Gregory,2009,26,,SDG,NFL,16,6,1,0,0,4
666,Jordan Gross,2009,29,1-8,CAR,NFL,9,9,1,0,0,4
667,Quentin Groves,2009,25,2-52,JAX,NFL,16,7,1,0,0,4
668,Ben Hamilton,2009,32,4-113,DEN,NFL,15,8,1,0,0,4
669,Al Harris,2009,35,6-169,GNB,NFL,10,10,1,0,0,4
670,Marcus Harrison,2009,25,3-90,CHI,NFL,16,9,1,0,0,4
671,LeRoy Hill,2009,27,3-98,SEA,NFL,11,11,1,0,0,4
672,Sammie Lee Hill,2009,23,4-115,DET,NFL,13,12,1,0,0,4
673,Chris Houston,2009,25,2-41,ATL,NFL,12,10,1,0,0,4
674,Jason Hunter,2009,26,,DET,NFL,14,9,1,0,0,4
675,Grady Jackson,2009,36,6-193,DET,NFL,15,13,1,0,0,4
676,Kris Jenkins,2009,30,2-44,NYJ,NFL,6,6,1,0,0,4
677,Derrick Johnson,2009,27,1-15,KAN,NFL,15,3,1,0,0,4
678,Larry Johnson,2009,30,1-27,2TM,NFL,14,7,1,0,0,4
679,Spencer Johnson,2009,28,,BUF,NFL,16,3,1,0,0,4
680,Brad Jones,2009,23,7-218,GNB,NFL,14,7,1,0,0,4
681,James Jones,2009,25,3-78,GNB,NFL,16,3,1,0,0,4
682,Sean Jones,2009,27,2-59,PHI,NFL,15,9,1,0,0,4
683,Travis Kirschke,2009,35,,PIT,NFL,12,7,1,0,0,4
684,Mathias Kiwanuka,2009,26,1-32,NYG,NFL,16,6,1,0,0,4
685,T.J. Lang,2009,22,4-109,GNB,NFL,16,3,1,0,0,4
686,Andy Lee,2009,27,6-188,SFO,NFL,16,0,1,1,0,4
687,Paris Lenon,2009,32,,STL,NFL,15,10,1,0,0,4
688,DeAndre Levy,2009,22,3-76,DET,NFL,16,10,1,0,0,4
689,Rian Lindell,2009,32,,BUF,NFL,16,0,1,0,0,4
690,Nate Livings,2009,27,,CIN,NFL,14,9,1,0,0,4
691,Sean Locklear,2009,28,3-84,SEA,NFL,10,10,1,0,0,4
692,Dwight Lowery,2009,23,4-113,NYJ,NFL,13,5,1,0,0,4
693,Marshawn Lynch,2009,23,1-12,BUF,NFL,13,6,1,0,0,4
694,Danieal Manning,2009,27,2-42,CHI,NFL,15,10,1,0,0,4
695,Olindo Mare,2009,36,,SEA,NFL,16,0,1,0,0,4
696,Sherrod Martin,2009,25,2-59,CAR,NFL,16,5,1,0,0,4
697,Rashean Mathis,2009,29,2-39,JAX,NFL,10,10,1,0,0,4
698,Brandon McDonald,2009,24,5-140,CLE,NFL,16,10,1,0,0,4
699,Terrence McGee,2009,29,4-111,BUF,NFL,11,10,1,0,0,4
700,Jon McGraw,2009,30,2-57,KAN,NFL,14,9,1,0,0,4
701,Ryan Moats,2009,27,3-77,HOU,NFL,14,2,1,0,0,4
702,Maurice Morris,2009,30,2-54,DET,NFL,14,3,1,0,0,4
703,Sammy Morris,2009,32,5-156,NWE,NFL,12,5,1,0,0,4
704,Jerious Norwood,2009,26,3-79,ATL,NFL,10,4,1,0,0,4
705,Antwan Odom,2009,28,2-57,CIN,NFL,6,6,1,0,0,4
706,Chris Owens,2009,23,3-90,ATL,NFL,16,6,1,0,0,4
707,Stephen Peterman,2009,27,3-83,DET,NFL,9,9,1,0,0,4
708,Will Peterson,2009,30,3-78,DET,NFL,16,14,1,0,0,4
709,Clinton Portis,2009,28,2-51,WAS,NFL,8,8,1,0,0,4
710,Matt Prater,2009,25,,DEN,NFL,16,0,1,0,0,4
711,Glover Quin,2009,23,4-112,HOU,NFL,15,12,1,0,0,4
712,Neil Rackers,2009,33,6-169,ARI,NFL,14,0,1,0,0,4
713,Antwaan Randle El,2009,30,2-62,WAS,NFL,16,3,1,0,0,4
714,Jeff Reed,2009,30,,PIT,NFL,16,0,1,0,0,4
715,Fred Robbins,2009,32,2-55,NYG,NFL,16,12,1,0,0,4
716,Samson Satele,2009,25,2-60,OAK,NFL,15,12,1,0,0,4
717,Bo Scaife,2009,28,6-179,TEN,NFL,14,10,1,0,0,4
718,Bernard Scott,2009,25,6-209,CIN,NFL,13,2,1,0,0,4
719,Trevor Scott,2009,25,6-169,OAK,NFL,16,6,1,0,0,4
720,Kevin Shaffer,2009,29,7-244,CHI,NFL,16,5,1,0,0,4
721,Lito Sheppard,2009,28,1-26,NYJ,NFL,11,9,1,0,0,4
722,Barry Sims,2009,35,,SFO,NFL,16,7,1,0,0,4
723,Wade Smith,2009,28,3-78,KAN,NFL,16,9,1,0,0,4
724,Shawn Springs,2009,34,1-3,NWE,NFL,12,8,1,0,0,4
725,John St. Clair,2009,32,3-94,CLE,NFL,14,14,1,0,0,4
726,Joe Staley,2009,25,1-28,SFO,NFL,9,9,1,0,0,4
727,Ryan Succop,2009,23,7-256,KAN,NFL,16,0,1,0,0,4
728,Darryl Tapp,2009,25,2-63,SEA,NFL,16,5,1,0,0,4
729,David Thomas,2009,26,3-86,NOR,NFL,15,8,1,0,0,4
730,David Thornton,2009,31,4-106,TEN,NFL,11,11,1,0,0,4
731,Mike Tolbert,2009,24,,SDG,NFL,16,3,1,0,0,4
732,Marcus Trufant,2009,29,1-11,SEA,NFL,10,9,1,0,0,4
733,David Vobora,2009,23,7-252,STL,NFL,12,10,1,0,0,4
734,Fabian Washington,2009,26,1-23,BAL,NFL,10,10,1,0,0,4
735,Kelley Washington,2009,30,3-65,BAL,NFL,15,2,1,0,0,4
736,Ben Watson,2009,29,1-32,NWE,NFL,16,7,1,0,0,4
737,Leonard Weaver,2009,27,,PHI,NFL,16,8,1,1,1,4
738,Corey Webster,2009,27,2-43,NYG,NFL,13,13,1,0,0,4
739,Brian Westbrook,2009,30,3-91,PHI,NFL,8,7,1,0,0,4
740,Philip Wheeler,2009,25,3-93,IND,NFL,16,7,1,0,0,4
741,Stylez G. White,2009,30,7-229,TAM,NFL,15,8,1,0,0,4
742,Donte Whitner,2009,24,1-8,BUF,NFL,10,8,1,0,0,4
743,Jonathan Wilhite,2009,25,4-129,NWE,NFL,14,8,1,0,0,4
744,Mike Williams,2009,29,1-4,WAS,NFL,8,8,1,0,0,4
745,Tramon Williams,2009,26,,GNB,NFL,16,10,1,0,0,4
746,Eric Wood,2009,23,1-28,BUF,NFL,10,10,1,0,0,4
747,Pierre Woods,2009,27,,NWE,NFL,16,5,1,0,0,4
748,Victor Abiamiri,2009,23,2-57,PHI,NFL,13,5,1,0,0,3
749,Gaines Adams,2009,26,1-4,2TM,NFL,15,5,1,0,0,3
750,Sam Aiken,2009,29,4-127,NWE,NFL,14,7,1,0,0,3
751,Russell Allen,2009,23,,JAX,NFL,16,5,1,0,0,3
752,David Anderson,2009,26,7-251,HOU,NFL,16,8,1,0,0,3
753,Devin Aromashodu,2009,25,7-233,CHI,NFL,10,2,1,0,0,3
754,Justin Bannan,2009,30,5-139,BAL,NFL,16,2,1,0,0,3
755,Dominique Barber,2009,23,6-173,HOU,NFL,13,6,1,0,0,3
756,Will Beatty,2009,24,2-60,NYG,NFL,16,4,1,0,0,3
757,Josh Beekman,2009,26,4-130,CHI,NFL,11,4,1,0,0,3
758,Jovan Belcher,2009,22,,KAN,NFL,16,3,1,0,0,3
759,Demetress Bell,2009,25,7-219,BUF,NFL,8,8,1,0,0,3
760,Ladell Betts,2009,30,2-56,WAS,NFL,10,2,1,0,0,3
761,Chase Blackburn,2009,26,,NYG,NFL,16,7,1,0,0,3
762,Stephen Bowen,2009,25,,DAL,NFL,16,2,1,0,0,3
763,Mark Bradley,2009,27,2-39,KAN,NFL,13,6,1,0,0,3
764,Deion Branch,2009,30,2-65,SEA,NFL,14,5,1,0,0,3
765,Jeremy Bridges,2009,29,6-185,ARI,NFL,16,4,1,0,0,3
766,Jasper Brinkley,2009,24,5-150,MIN,NFL,16,4,1,0,0,3
767,Mike Brisiel,2009,26,,HOU,NFL,5,5,1,0,0,3
768,C.C. Brown,2009,26,6-188,NYG,NFL,16,7,1,0,0,3
769,Tarell Brown,2009,24,5-147,SFO,NFL,16,4,1,0,0,3
770,Phillip Buchanon,2009,29,1-17,DET,NFL,13,11,1,0,0,3
771,Michael Bush,2009,25,4-100,OAK,NFL,16,7,1,0,0,3
772,Quincy Butler,2009,28,,STL,NFL,14,7,1,0,0,3
773,Bobby Carpenter,2009,26,1-18,DAL,NFL,16,2,1,0,0,3
774,Chris Carr,2009,26,,BAL,NFL,16,4,1,0,0,3
775,Rock Cartwright,2009,30,7-257,WAS,NFL,16,2,1,0,0,3
776,Brandon Chillar,2009,27,4-130,GNB,NFL,12,4,1,0,0,3
777,Tashard Choice,2009,25,4-122,DAL,NFL,16,0,1,0,0,3
778,Nate Clements,2009,30,1-21,SFO,NFL,7,6,1,0,0,3
779,Anthony Collins,2009,24,4-112,CIN,NFL,14,7,1,0,0,3
780,Dustin Colquitt,2009,27,3-99,KAN,NFL,16,0,1,0,0,3
781,Jon Condo,2009,28,,OAK,NFL,16,0,1,1,0,3
782,Dan Connolly,2009,27,,NWE,NFL,14,4,1,0,0,3
783,Sean Considine,2009,28,4-102,JAX,NFL,11,6,1,0,0,3
784,Chris Cooley,2009,27,3-81,WAS,NFL,7,7,1,0,0,3
785,Craig Dahl,2009,24,,STL,NFL,14,8,1,0,0,3
786,Chauncey Davis,2009,26,4-128,ATL,NFL,16,4,1,0,0,3
787,Phil Dawson,2009,34,,CLE,NFL,11,0,1,0,0,3
788,Jake Delhomme,2009,34,,CAR,NFL,11,11,1,0,0,3
789,Tim Dobbins,2009,27,5-151,SDG,NFL,14,2,1,0,0,3
790,Jon Dorenbos,2009,29,,PHI,NFL,16,0,1,1,0,3
791,Chris Draft,2009,33,6-157,BUF,NFL,11,3,1,0,0,3
792,Joel Dreessen,2009,27,6-198,HOU,NFL,16,11,1,0,0,3
793,Nick Eason,2009,29,4-114,PIT,NFL,8,5,1,0,0,3
794,Trent Edwards,2009,26,3-92,BUF,NFL,8,7,1,0,0,3
795,Dannell Ellerbe,2009,24,,BAL,NFL,13,3,1,0,0,3
796,Justin Fargas,2009,29,3-96,OAK,NFL,12,4,1,0,0,3
797,Anthony Fasano,2009,25,2-53,MIA,NFL,14,14,1,0,0,3
798,Jason Ferguson,2009,35,7-229,MIA,NFL,9,9,1,0,0,3
799,Brandon Fields,2009,25,7-225,MIA,NFL,16,0,1,0,0,3
800,Ryan Fitzpatrick,2009,27,7-250,BUF,NFL,10,8,1,0,0,3
801,Moise Fokou,2009,24,7-230,PHI,NFL,16,4,1,0,0,3
802,Arian Foster,2009,23,,HOU,NFL,6,1,1,0,0,3
803,Dylan Gandy,2009,27,4-129,DET,NFL,15,5,1,0,0,3
804,Randall Gay,2009,27,,NOR,NFL,14,7,1,0,0,3
805,Vernon Gholston,2009,23,1-6,NYJ,NFL,14,3,1,0,0,3
806,Mike Goff,2009,33,3-78,KAN,NFL,8,7,1,0,0,3
807,Kedric Golston,2009,26,6-196,WAS,NFL,16,5,1,0,0,3
808,Bruce Gradkowski,2009,26,6-194,OAK,NFL,7,4,1,0,0,3
809,Shayne Graham,2009,32,,CIN,NFL,16,0,1,0,0,3
810,Shonn Greene,2009,24,3-65,NYJ,NFL,14,0,1,0,0,3
811,Jabari Greer,2009,27,,NOR,NFL,9,8,1,0,0,3
812,Tyjuan Hagler,2009,28,5-173,IND,NFL,7,7,1,0,0,3
813,Jason Hanson,2009,39,2-56,DET,NFL,16,0,1,0,0,3
814,Nick Harper,2009,35,,TEN,NFL,11,11,1,0,0,3
815,Ryan Harris,2009,24,3-70,DEN,NFL,8,8,1,0,0,3
816,Victor Harris,2009,23,5-157,PHI,NFL,15,8,1,0,0,3
817,Kelvin Hayden,2009,26,2-60,IND,NFL,9,8,1,0,0,3
818,Will Herring,2009,26,5-161,SEA,NFL,16,6,1,0,0,3
819,Artis Hicks,2009,31,,MIN,NFL,16,3,1,0,0,3
820,Shaun Hill,2009,29,,SFO,NFL,6,6,1,0,0,3
821,Domenik Hixon,2009,25,4-130,NYG,NFL,14,2,1,0,0,3
822,Vonnie Holliday,2009,34,1-19,DEN,NFL,16,3,1,0,0,3
823,Richie Incognito,2009,26,3-81,2TM,NFL,12,12,1,0,0,3
824,Brandon Jackson,2009,24,2-63,GNB,NFL,12,0,1,0,0,3
825,D'Qwell Jackson,2009,26,2-34,CLE,NFL,6,6,1,0,0,3
826,Max Jean-Gilles,2009,26,4-99,PHI,NFL,13,5,1,0,0,3
827,Malcolm Jenkins,2009,22,1-14,NOR,NFL,14,6,1,0,0,3
828,Kelly Jennings,2009,27,1-31,SEA,NFL,16,7,1,0,0,3
829,Tim Jennings,2009,26,2-62,IND,NFL,15,5,1,0,0,3
830,Brandon Johnson,2009,26,5-142,CIN,NFL,16,3,1,0,0,3
831,Bruce Johnson,2009,22,,NYG,NFL,16,5,1,0,0,3
832,Bryant Johnson,2009,28,1-17,DET,NFL,16,16,1,0,0,3
833,Charles Johnson,2009,23,3-83,CAR,NFL,13,2,1,0,0,3
834,Donnie Jones,2009,29,7-224,STL,NFL,16,0,1,0,0,3
835,Nate Jones,2009,27,7-205,MIA,NFL,16,5,1,0,0,3
836,John Kasay,2009,40,4-98,CAR,NFL,16,0,1,0,0,3
837,Malcolm Kelly,2009,23,2-51,WAS,NFL,16,10,1,0,0,3
838,Justin King,2009,22,4-101,STL,NFL,15,7,1,0,0,3
839,Donald Lee,2009,29,5-156,GNB,NFL,16,10,1,0,0,3
840,Jamal Lewis,2009,30,1-5,CLE,NFL,9,8,1,0,0,3
841,Chris Long,2009,24,1-2,STL,NFL,16,4,1,0,0,3
842,Ken Lucas,2009,30,2-40,SEA,NFL,16,6,1,0,0,3
843,Evan Mathis,2009,28,3-79,CIN,NFL,13,7,1,0,0,3
844,Mat McBriar,2009,30,,DAL,NFL,16,0,1,0,0,3
845,Le'Ron McClain,2009,25,4-137,BAL,NFL,16,14,1,1,0,3
846,Ray McDonald,2009,25,3-97,SFO,NFL,16,0,1,0,0,3
847,Darren McFadden,2009,22,1-4,OAK,NFL,12,7,1,0,0,3
848,Gerald McRath,2009,23,4-130,TEN,NFL,16,5,1,0,0,3
849,Matt Moore,2009,25,,CAR,NFL,7,5,1,0,0,3
850,Brian Moorman,2009,33,,BUF,NFL,16,0,1,0,0,3
851,Chris Morris,2009,26,7-214,OAK,NFL,16,10,1,0,0,3
852,Captain Munnerlyn,2009,21,7-216,CAR,NFL,15,4,1,0,0,3
853,Louis Murphy,2009,22,4-124,OAK,NFL,16,9,1,0,0,3
854,Legedu Naanee,2009,26,5-172,SDG,NFL,15,1,1,0,0,3
855,Joe Nedney,2009,36,,SFO,NFL,14,0,1,0,0,3
856,Jordy Nelson,2009,24,2-36,GNB,NFL,13,0,1,0,0,3
857,Dennis Northcutt,2009,32,2-32,DET,NFL,16,2,1,0,0,3
858,Ogemdi Nwagbuo,2009,24,,SDG,NFL,12,5,1,0,0,3
859,Quinn Ojinnaka,2009,25,5-139,ATL,NFL,9,5,1,0,0,3
860,Paul Oliver,2009,25,4-1,SDG,NFL,16,3,1,0,0,3
861,Willie Parker,2009,29,,PIT,NFL,14,3,1,0,0,3
862,Antonio Pierce,2009,31,,NYG,NFL,9,9,1,0,0,3
863,Troy Polamalu,2009,28,1-16,PIT,NFL,5,5,1,0,0,3
864,LaJuan Ramsey,2009,25,6-204,STL,NFL,15,5,1,0,0,3
865,Cory Redding,2009,29,3-66,SEA,NFL,15,3,1,0,0,3
866,Chris Redman,2009,32,3-75,ATL,NFL,6,2,1,0,0,3
867,Mark Roman,2009,32,2-34,SFO,NFL,16,1,1,0,0,3
868,Dante Rosario,2009,25,5-155,CAR,NFL,14,8,1,0,0,3
869,Matt Roth,2009,27,2-46,2TM,NFL,10,6,1,0,0,3
870,Aaron Rouse,2009,25,3-89,2TM,NFL,16,9,1,0,0,3
871,Ahtyba Rubin,2009,23,6-190,CLE,NFL,16,5,1,0,0,3
872,Jon Ryan,2009,28,,SEA,NFL,16,0,1,0,0,3
873,James Sanders,2009,26,4-133,NWE,NFL,14,5,1,0,0,3
874,Benny Sapp,2009,28,,MIN,NFL,16,7,1,0,0,3
875,Orlando Scandrick,2009,22,5-143,DAL,NFL,16,4,1,0,0,3
876,Tony Scheffler,2009,26,2-61,DEN,NFL,15,9,1,0,0,3
877,Geoff Schwartz,2009,23,7-241,CAR,NFL,16,3,1,0,0,3
878,Darell Scott,2009,23,4-103,STL,NFL,11,5,1,0,0,3
879,Ian Scott,2009,28,4-116,SDG,NFL,12,7,1,0,0,3
880,Jonathan Scott,2009,26,5-141,BUF,NFL,10,8,1,0,0,3
881,Matt Shaughnessy,2009,23,3-71,OAK,NFL,16,2,1,0,0,3
882,Ernie Sims,2009,25,1-9,DET,NFL,11,8,1,0,0,3
883,Brad Smith,2009,26,4-103,NYJ,NFL,13,2,1,0,0,3
884,Eric Smith,2009,26,3-97,NYJ,NFL,16,4,1,0,0,3
885,Fred Smoot,2009,30,2-45,WAS,NFL,15,6,1,0,0,3
886,Paul Soliai,2009,26,4-108,MIA,NFL,14,5,1,0,0,3
887,Jason Spitz,2009,27,3-75,GNB,NFL,5,4,1,0,0,3
888,Matthew Stafford,2009,21,1-1,DET,NFL,10,10,1,0,0,3
889,Brandon Stokley,2009,33,4-105,DEN,NFL,16,2,1,0,0,3
890,Zach Strief,2009,26,7-210,NOR,NFL,16,2,1,0,0,3
891,Sammie Stroughter,2009,23,7-233,TAM,NFL,13,0,1,0,0,3
892,Chansi Stuckey,2009,26,7-235,2TM,NFL,15,3,1,0,0,3
893,Andy Studebaker,2009,24,6-203,KAN,NFL,16,2,1,0,0,3
894,Devin Thomas,2009,23,2-34,WAS,NFL,14,10,1,0,0,3
895,Jeremiah Trotter,2009,32,3-72,PHI,NFL,13,7,1,0,0,3
896,Tank Tyler,2009,24,3-82,2TM,NFL,12,2,1,0,0,3
897,Lawrence Tynes,2009,31,,NYG,NFL,16,0,1,0,0,3
898,Tony Ugoh,2009,26,2-42,IND,NFL,11,4,1,0,0,3
899,Bobby Wade,2009,28,5-139,KAN,NFL,12,6,1,0,0,3
900,Derrick Ward,2009,29,7-235,TAM,NFL,14,1,1,0,0,3
901,Leon Washington,2009,27,4-117,NYJ,NFL,7,0,1,0,0,3
902,Lardarius Webb,2009,24,3-88,BAL,NFL,14,4,1,0,0,3
903,Jamaal Westerman,2009,24,,NYJ,NFL,14,0,1,0,0,3
904,Corey Williams,2009,29,6-179,CLE,NFL,16,2,1,0,0,3
905,Eugene Wilson,2009,29,2-36,HOU,NFL,8,8,1,0,0,3
906,Floyd Womack,2009,31,4-128,CLE,NFL,13,9,1,0,0,3
907,Tom Zbikowski,2009,24,3-86,BAL,NFL,15,4,1,0,0,3
908,Jeff Zgonina,2009,39,7-185,HOU,NFL,16,2,1,0,0,3
909,Lorenzo Alexander,2009,26,,WAS,NFL,16,0,1,0,0,2
910,Andy Alleman,2009,26,3-88,KAN,NFL,9,3,1,0,0,2
911,Will Allen,2009,31,1-22,MIA,NFL,6,6,1,0,0,2
912,Jon Alston,2009,26,3-77,OAK,NFL,9,4,1,0,0,2
913,Danny Amendola,2009,24,,STL,NFL,14,2,1,0,0,2
914,Mark Anderson,2009,26,5-159,CHI,NFL,16,2,1,0,0,2
915,Stacy Andrews,2009,28,4-123,PHI,NFL,10,2,1,0,0,2
916,Robert Ayers,2009,24,1-18,DEN,NFL,15,1,1,0,0,2
917,Jason Baker,2009,31,,CAR,NFL,16,0,1,0,0,2
918,Alan Ball,2009,24,7-237,DAL,NFL,16,3,1,0,0,2
919,Gary Barnidge,2009,24,5-141,CAR,NFL,16,3,1,0,0,2
920,Connor Barth,2009,23,,TAM,NFL,9,0,1,0,0,2
921,Connor Barwin,2009,23,2-46,HOU,NFL,16,0,1,0,0,2
922,Fred Bennett,2009,26,4-123,HOU,NFL,10,3,1,0,0,2
923,Desmond Bishop,2009,25,6-192,GNB,NFL,16,0,1,0,0,2
924,Jordan Black,2009,29,5-153,JAX,NFL,9,2,1,0,0,2
925,H.B. Blades,2009,25,6-179,WAS,NFL,16,1,1,0,0,2
926,Marty Booker,2009,33,3-78,ATL,NFL,16,1,1,0,0,2
927,Alfonso Boone,2009,33,7-253,SDG,NFL,13,4,1,0,0,2
928,Kevin Boothe,2009,26,6-176,NYG,NFL,16,2,1,0,0,2
929,Ron Brace,2009,23,2-40,NWE,NFL,9,2,1,0,0,2
930,Tyron Brackenridge,2009,25,,JAX,NFL,16,5,1,0,0,2
931,Alan Branch,2009,25,2-33,ARI,NFL,16,0,1,0,0,2
932,Ahmad Brooks,2009,25,3-0,SFO,NFL,14,0,1,0,0,2
933,Chris Brown,2009,28,3-93,HOU,NFL,14,4,1,0,0,2
934,Everette Brown,2009,22,2-43,CAR,NFL,15,1,1,0,0,2
935,Ricky Brown,2009,26,,OAK,NFL,5,5,1,0,0,2
936,Isaac Bruce,2009,37,2-33,SFO,NFL,10,7,1,0,0,2
937,Desmond Bryant,2009,24,,OAK,NFL,16,0,1,0,0,2
938,Marc Bulger,2009,32,6-168,STL,NFL,9,8,1,0,0,2
939,Josh Bullocks,2009,26,2-40,CHI,NFL,12,4,1,0,0,2
940,Tim Bulman,2009,27,,HOU,NFL,15,1,1,0,0,2
941,Keenan Burton,2009,25,4-128,STL,NFL,9,6,1,0,0,2
942,Jarrett Bush,2009,25,,GNB,NFL,16,3,1,0,0,2
943,John Busing,2009,26,,HOU,NFL,16,4,1,0,0,2
944,Victor Butler,2009,22,4-110,DAL,NFL,16,1,1,0,0,2
945,Antoine Caldwell,2009,23,3-77,HOU,NFL,11,3,1,0,0,2
946,Chris Canty,2009,27,4-132,NYG,NFL,8,4,1,0,0,2
947,Antoine Cason,2009,23,1-27,SDG,NFL,16,1,1,0,0,2
948,Patrick Chung,2009,22,2-34,NWE,NFL,16,1,1,0,0,2
949,Michael Clayton,2009,27,1-15,TAM,NFL,13,11,1,0,0,2
950,David Clowney,2009,24,5-157,NYJ,NFL,13,3,1,0,0,2
951,Glen Coffee,2009,22,3-74,SFO,NFL,14,2,1,0,0,2
952,Landon Cohen,2009,23,7-216,DET,NFL,14,4,1,0,0,2
953,Kerry Collins,2009,37,1-5,TEN,NFL,7,6,1,0,0,2
954,Dan Connor,2009,24,3-74,CAR,NFL,16,0,1,0,0,2
955,Ryan Cook,2009,26,2-51,MIN,NFL,16,0,1,0,0,2
956,Jon Corto,2009,25,,BUF,NFL,16,1,1,0,0,2
957,Blake Costanzo,2009,25,,CLE,NFL,16,0,1,0,0,2
958,Oniel Cousins,2009,25,3-99,BAL,NFL,4,3,1,0,0,2
959,Mason Crosby,2009,25,6-193,GNB,NFL,16,0,1,0,0,2
960,Alge Crumpler,2009,32,2-35,TEN,NFL,16,14,1,0,0,2
961,Tyrone Culver,2009,26,6-185,MIA,NFL,16,2,1,0,0,2
962,Keyunta Dawson,2009,24,7-242,IND,NFL,12,2,1,0,0,2
963,Ryan Denney,2009,32,2-61,BUF,NFL,16,0,1,0,0,2
964,Kevin Dockery,2009,25,,NYG,NFL,11,3,1,0,0,2
965,Early Doucet,2009,24,3-81,ARI,NFL,9,0,1,0,0,2
966,Jo-Lonn Dunbar,2009,24,,NOR,NFL,9,3,1,0,0,2
967,Larry English,2009,23,1-16,SDG,NFL,16,2,1,0,0,2
968,Hiram Eugene,2009,29,,OAK,NFL,14,4,1,0,0,2
969,Troy Evans,2009,32,,NOR,NFL,16,2,1,0,0,2
970,Daniel Fells,2009,26,,STL,NFL,14,4,1,0,0,2
971,Andre Fluellen,2009,24,3-87,DET,NFL,14,3,1,0,0,2
972,Jacob Ford,2009,26,6-204,TEN,NFL,15,0,1,0,0,2
973,John Paul Foschi,2009,27,,CIN,NFL,15,10,1,0,0,2
974,Hank Fraley,2009,32,,CLE,NFL,15,4,1,0,0,2
975,Josh Freeman,2009,21,1-17,TAM,NFL,10,9,1,0,0,2
976,Vincent Fuller,2009,27,4-108,TEN,NFL,13,1,1,0,0,2
977,Omar Gaither,2009,25,5-168,PHI,NFL,5,3,1,0,0,2
978,Robert Gallery,2009,29,1-2,OAK,NFL,6,6,1,0,0,2
979,Quinton Ganther,2009,25,7-246,WAS,NFL,8,4,1,0,0,2
980,Brandon Gibson,2009,22,6-194,2TM,NFL,10,4,1,0,0,2
981,Gary Gibson,2009,27,,STL,NFL,5,5,1,0,0,2
982,Wallace Gilberry,2009,25,,KAN,NFL,16,0,1,0,0,2
983,Jonathan Goff,2009,24,5-165,NYG,NFL,16,4,1,0,0,2
984,Daniel Graham,2009,31,1-21,DEN,NFL,16,14,1,0,0,2
985,Howard Green,2009,30,6-190,NYJ,NFL,12,0,1,0,0,2
986,Rex Hadnot,2009,27,6-174,CLE,NFL,9,6,1,0,0,2
987,Joselio Hanson,2009,28,,PHI,NFL,12,1,1,0,0,2
988,Nick Hardwick,2009,28,3-66,SDG,NFL,3,3,1,0,0,2
989,Leroy Harris,2009,25,4-115,TEN,NFL,15,2,1,0,0,2
990,Nic Harris,2009,23,5-147,BUF,NFL,15,2,1,0,0,2
991,Nick Harris,2009,31,4-120,DET,NFL,16,0,1,0,0,2
992,Jason Hatcher,2009,27,3-92,DAL,NFL,16,0,1,0,0,2
993,Nick Hayden,2009,23,6-181,CAR,NFL,10,2,1,0,0,2
994,Will Heller,2009,28,,DET,NFL,16,9,1,0,0,2
995,Anthony Henry,2009,33,4-97,DET,NFL,14,6,1,0,0,2
996,Chris Henry,2009,26,3-83,CIN,NFL,8,0,1,0,0,2
997,Johnnie Lee Higgins,2009,26,3-99,OAK,NFL,15,5,1,0,0,2
998,Ali Highsmith,2009,24,,ARI,NFL,14,2,1,0,0,2
999,Tye Hill,2009,27,1-15,ATL,NFL,8,3,1,0,0,2
1000,Lex Hilliard,2009,25,6-204,MIA,NFL,16,0,1,0,0,2
1001,Evander Hood,2009,22,1-32,PIT,NFL,16,0,1,0,0,2
1002,Roderick Hood,2009,28,,TEN,NFL,6,4,1,0,0,2
1003,Chris Horton,2009,25,7-249,WAS,NFL,8,5,1,0,0,2
1004,Darren Howard,2009,33,2-33,PHI,NFL,16,0,1,0,0,2
1005,Kevin Huber,2009,24,5-142,CIN,NFL,16,0,1,0,0,2
1006,Ramon Humber,2009,22,,IND,NFL,16,2,1,0,0,2
1007,Brian Iwuh,2009,25,,JAX,NFL,15,2,1,0,0,2
1008,Larry Izzo,2009,35,,NYJ,NFL,12,0,1,0,0,2
1009,Chevis Jackson,2009,24,3-68,ATL,NFL,15,2,1,0,0,2
1010,Dwayne Jarrett,2009,23,2-45,CAR,NFL,13,2,1,0,0,2
1011,Rashad Jeanty,2009,26,,CIN,NFL,15,1,1,0,0,2
1012,Chris Jennings,2009,24,,CLE,NFL,9,1,1,0,0,2
1013,Rashad Jennings,2009,24,7-250,JAX,NFL,15,0,1,0,0,2
1014,Edward Johnson,2009,26,,IND,NFL,4,4,1,0,0,2
1015,Josh Johnson,2009,23,5-160,TAM,NFL,6,4,1,0,0,2
1016,Landon Johnson,2009,28,3-96,CAR,NFL,10,3,1,0,0,2
1017,Michael Johnson,2009,22,3-70,CIN,NFL,16,0,1,0,0,2
1018,Jeremy Kapinos,2009,25,,GNB,NFL,16,0,1,0,0,2
1019,Jevon Kearse,2009,33,1-16,TEN,NFL,6,4,1,0,0,2
1020,Freddy Keiaho,2009,27,3-94,IND,NFL,16,2,1,0,0,2
1021,Jimmy Kennedy,2009,30,1-12,MIN,NFL,13,1,1,0,0,2
1022,Brett Kern,2009,23,,2TM,NFL,16,0,1,0,0,2
1023,Jeff King,2009,26,5-155,CAR,NFL,16,15,1,0,0,2
1024,Chris Kluwe,2009,28,,MIN,NFL,16,0,1,0,0,2
1025,Sam Koch,2009,27,6-203,BAL,NFL,16,0,1,0,0,2
1026,Kevin Kolb,2009,25,2-36,PHI,NFL,5,2,1,0,0,2
1027,Brian Leonard,2009,25,2-52,CIN,NFL,14,1,1,0,0,2
1028,Daniel Loper,2009,27,5-150,DET,NFL,8,5,1,0,0,2
1029,Elbert Mack,2009,23,,TAM,NFL,15,3,1,0,0,2
1030,Sean Mahan,2009,29,5-168,TAM,NFL,6,4,1,0,0,2
1031,Kaluka Maiava,2009,22,4-104,CLE,NFL,16,3,1,0,0,2
1032,Marquand Manuel,2009,30,6-181,DET,NFL,9,6,1,0,0,2
1033,Pat McAfee,2009,22,7-222,IND,NFL,16,0,1,0,0,2
1034,Turk McBride,2009,24,2-54,DET,NFL,11,4,1,0,0,2
1035,Jameel McClain,2009,24,,BAL,NFL,16,1,1,0,0,2
1036,Scott McKillop,2009,23,5-146,SFO,NFL,16,0,1,0,0,2
1037,Randy McMichael,2009,30,4-114,STL,NFL,16,16,1,0,0,2
1038,Jamon Meredith,2009,23,5-162,BUF,NFL,8,4,1,0,0,2
1039,Phillip Merling,2009,24,2-32,MIA,NFL,16,2,1,0,0,2
1040,Roy Miller,2009,22,3-81,TAM,NFL,15,1,1,0,0,2
1041,Zach Miller,2009,25,6-180,JAX,NFL,14,0,1,0,0,2
1042,Kawika Mitchell,2009,30,2-47,BUF,NFL,5,5,1,0,0,2
1043,Marvin Mitchell,2009,25,7-220,NOR,NFL,14,2,1,0,0,2
1044,Will Montgomery,2009,26,7-234,WAS,NFL,16,3,1,0,0,2
1045,Kareem Moore,2009,25,6-180,WAS,NFL,16,1,1,0,0,2
1046,Lance Moore,2009,26,,NOR,NFL,7,0,1,0,0,2
1047,Mewelde Moore,2009,27,4-119,PIT,NFL,16,0,1,0,0,2
1048,DaJuan Morgan,2009,24,3-82,KAN,NFL,13,2,1,0,0,2
1049,Thomas Morstead,2009,23,5-164,NOR,NFL,16,0,1,0,0,2
1050,Ryan Mouton,2009,23,3-94,TEN,NFL,14,2,1,0,0,2
1051,Ikechuku Ndukwe,2009,27,,KAN,NFL,12,3,1,0,0,2
1052,Tom Nelson,2009,23,,CIN,NFL,12,3,1,0,0,2
1053,Rob Ninkovich,2009,25,5-135,NWE,NFL,15,0,1,0,0,2
1054,Jarrad Page,2009,25,7-228,KAN,NFL,5,5,1,0,0,2
1055,Ashlee Palmer,2009,23,,BUF,NFL,14,2,1,0,0,2
1056,Kevin Payne,2009,26,5-167,CHI,NFL,13,5,1,0,0,2
1057,Erik Pears,2009,27,,OAK,NFL,12,4,1,0,0,2
1058,Brandon Pettigrew,2009,24,1-20,DET,NFL,11,11,1,0,0,2
1059,Brady Poppinga,2009,30,4-125,GNB,NFL,15,3,1,0,0,2
1060,Hank Poteat,2009,32,3-77,CLE,NFL,16,2,1,0,0,2
1061,Brady Quinn,2009,25,1-22,CLE,NFL,10,9,1,0,0,2
1062,B.J. Raji,2009,23,1-9,GNB,NFL,14,1,1,0,0,2
1063,Josh Reed,2009,29,2-36,BUF,NFL,14,4,1,0,0,2
1064,Nick Reed,2009,22,7-247,SEA,NFL,16,0,1,0,0,2
1065,Jacques Reeves,2009,27,7-223,HOU,NFL,12,5,1,0,0,2
1066,Darrell Reid,2009,27,,DEN,NFL,16,0,1,0,0,2
1067,Jay Richardson,2009,25,5-138,OAK,NFL,16,0,1,0,0,2
1068,Chad Rinehart,2009,24,3-96,WAS,NFL,4,4,1,0,0,2
1069,Saverio Rocca,2009,36,,PHI,NFL,16,0,1,0,0,2
1070,Frostee Rucker,2009,26,3-91,CIN,NFL,12,1,1,0,0,2
1071,Chris Samuels,2009,32,1-3,WAS,NFL,5,5,1,0,0,2
1072,Chaz Schilens,2009,24,7-226,OAK,NFL,8,8,1,0,0,2
1073,Mike Scifres,2009,29,5-149,SDG,NFL,16,0,1,0,0,2
1074,Daniel Sepulveda,2009,25,4-112,PIT,NFL,16,0,1,0,0,2
1075,Lawrence Sidbury,2009,23,4-125,ATL,NFL,16,0,1,0,0,2
1076,Chad Simpson,2009,24,,IND,NFL,14,0,1,0,0,2
1077,Ko Simpson,2009,26,4-105,DET,NFL,8,5,1,0,0,2
1078,Aaron Smith,2009,33,4-109,PIT,NFL,5,5,1,0,0,2
1079,Anthony Smith,2009,26,3-83,2TM,NFL,10,2,1,0,0,2
1080,Le Kevin Smith,2009,27,6-206,DEN,NFL,13,2,1,0,0,2
1081,LaRod Stephens-Howling,2009,22,7-240,ARI,NFL,16,2,1,0,0,2
1082,Maurice Stovall,2009,24,3-90,TAM,NFL,15,7,1,0,0,2
1083,Matt Stover,2009,41,12-329,IND,NFL,10,0,1,0,0,2
1084,Donald Strickland,2009,29,3-90,NYJ,NFL,9,2,1,0,0,2
1085,Will Svitek,2009,27,6-187,ATL,NFL,13,2,1,0,0,2
1086,Lofa Tatupu,2009,27,2-45,SEA,NFL,5,5,1,0,0,2
1087,Fred Taylor,2009,33,1-9,NWE,NFL,6,1,1,0,0,2
1088,Quinton Teal,2009,25,,CAR,NFL,16,3,1,0,0,2
1089,Tra Thomas,2009,35,1-11,JAX,NFL,8,3,1,0,0,2
1090,Reggie Torbor,2009,28,4-97,MIA,NFL,16,2,1,0,0,2
1091,Deshea Townsend,2009,34,4-117,PIT,NFL,16,2,1,0,0,2
1092,Justin Tryon,2009,25,4-124,WAS,NFL,15,2,1,0,0,2
1093,Matt Turk,2009,41,,HOU,NFL,16,0,1,0,0,2
1094,Jerheme Urban,2009,29,,ARI,NFL,10,0,1,0,0,2
1095,Steve Vallos,2009,26,7-232,SEA,NFL,16,3,1,0,0,2
1096,Nathan Vasher,2009,28,4-110,CHI,NFL,15,2,1,0,0,2
1097,Kevin Vickerson,2009,26,7-216,TEN,NFL,13,2,1,0,0,2
1098,Jonathan Wade,2009,25,3-84,STL,NFL,15,4,1,0,0,2
1099,Cameron Wake,2009,27,,MIA,NFL,14,1,1,0,0,2
1100,Delanie Walker,2009,25,6-175,SFO,NFL,16,8,1,0,0,2
1101,Frank Walker,2009,28,6-207,BAL,NFL,14,1,1,0,0,2
1102,Seneca Wallace,2009,29,4-110,SEA,NFL,13,2,1,0,0,2
1103,Gabe Watson,2009,26,4-107,ARI,NFL,16,0,1,0,0,2
1104,Steve Weatherford,2009,27,,NYJ,NFL,16,0,1,0,0,2
1105,Dante Wesley,2009,30,4-100,CAR,NFL,15,0,1,0,0,2
1106,Dewayne White,2009,30,2-64,DET,NFL,10,5,1,0,0,2
1107,LenDale White,2009,25,2-45,TEN,NFL,13,0,1,0,0,2
1108,Marvin White,2009,26,4-114,2TM,NFL,13,6,1,0,0,2
1109,Tracy White,2009,28,,PHI,NFL,16,0,1,0,0,2
1110,Brian Williams,2009,30,4-105,ATL,NFL,5,5,1,0,0,2
1111,Jamar Williams,2009,25,4-120,CHI,NFL,16,2,1,0,0,2
1112,Maurice Williams,2009,30,2-43,JAX,NFL,5,4,1,0,0,2
1113,Roy Williams,2009,29,1-8,CIN,NFL,4,4,1,0,0,2
1114,Sam Williams,2009,29,3-83,OAK,NFL,16,2,1,0,0,2
1115,Coy Wire,2009,31,3-97,ATL,NFL,16,1,1,0,0,2
1116,Wesley Woodyard,2009,23,,DEN,NFL,16,0,1,0,0,2
1117,Husain Abdullah,2009,24,,MIN,NFL,14,0,1,0,0,1
1118,Michael Adams,2009,24,,ARI,NFL,16,1,1,0,0,1
1119,Victor Adeyanju,2009,26,4-113,STL,NFL,10,1,1,0,0,1
1120,Xavier Adibi,2009,25,4-118,HOU,NFL,16,0,1,0,0,1
1121,C.J. Ah You,2009,27,7-239,STL,NFL,8,1,1,0,0,1
1122,Ethan Albright,2009,38,,WAS,NFL,16,0,1,0,0,1
1123,Eric Alexander,2009,27,,NWE,NFL,14,0,1,0,0,1
1124,Asher Allen,2009,21,3-86,MIN,NFL,10,1,1,0,0,1
1125,Jason Allen,2009,26,1-16,MIA,NFL,16,1,1,0,0,1
1126,Will Allen,2009,27,4-111,TAM,NFL,8,2,1,0,0,1
1127,Colin Allred,2009,26,,TEN,NFL,12,2,1,0,0,1
1128,Ken Amato,2009,32,,TEN,NFL,16,0,1,0,0,1
1129,Charlie Anderson,2009,28,6-200,MIA,NFL,16,1,1,0,0,1
1130,Kyle Arrington,2009,23,,2TM,NFL,9,0,1,0,0,1
1131,K.C. Asiodu,2009,23,,STL,NFL,10,0,1,0,0,1
1132,Brendon Ayanbadejo,2009,33,,BAL,NFL,4,1,1,0,0,1
1133,Jason Babin,2009,29,1-27,PHI,NFL,12,0,1,0,0,1
1134,Patrick Bailey,2009,24,,PIT,NFL,16,0,1,0,0,1
1135,Billy Bajema,2009,27,7-249,STL,NFL,16,5,1,0,0,1
1136,Chris Baker,2009,30,3-88,NWE,NFL,16,7,1,0,0,1
1137,Dave Ball,2009,28,5-133,TEN,NFL,11,1,1,0,0,1
1138,Kentwan Balmer,2009,23,1-29,SFO,NFL,11,0,1,0,0,1
1139,Antwan Barnes,2009,25,4-134,BAL,NFL,11,0,1,0,0,1
1140,Khalif Barnes,2009,27,2-52,OAK,NFL,6,2,1,0,0,1
1141,Josh Barrett,2009,25,7-220,DEN,NFL,14,0,1,0,0,1
1142,D'Anthony Batiste,2009,28,,WAS,NFL,8,0,1,0,0,1
1143,Anthony Becht,2009,32,1-27,ARI,NFL,16,10,1,0,0,1
1144,Kahlil Bell,2009,23,,CHI,NFL,7,0,1,0,0,1
1145,Marcus Benard,2009,24,,CLE,NFL,6,0,1,0,0,1
1146,Martellus Bennett,2009,22,2-61,DAL,NFL,14,6,1,0,0,1
1147,Michael Bennett,2009,31,1-27,SDG,NFL,6,0,1,0,0,1
1148,Kevin Bentley,2009,30,4-101,HOU,NFL,16,0,1,0,0,1
1149,Mitch Berger,2009,37,6-193,DEN,NFL,10,0,1,0,0,1
1150,Rocky Bernard,2009,30,5-146,NYG,NFL,15,0,1,0,0,1
1151,David Binn,2009,37,,SDG,NFL,16,0,1,0,0,1
1152,Aaron Brown,2009,24,6-192,DET,NFL,15,2,1,0,0,1
1153,Ralph Brown,2009,31,5-140,ARI,NFL,16,1,1,0,0,1
1154,Reggie Brown,2009,28,2-35,PHI,NFL,14,2,1,0,0,1
1155,David Bruton,2009,22,4-114,DEN,NFL,14,1,1,0,0,1
1156,Copeland Bryan,2009,26,,DET,NFL,5,1,1,0,0,1
1157,Matt Bryant,2009,34,,ATL,NFL,5,0,1,0,0,1
1158,Red Bryant,2009,25,4-121,SEA,NFL,6,1,1,0,0,1
1159,Marcus Buggs,2009,24,,BUF,NFL,5,2,1,0,0,1
1160,Prescott Burgess,2009,25,6-207,BAL,NFL,13,0,1,0,0,1
1161,Joe Burnett,2009,23,5-168,PIT,NFL,15,0,1,0,0,1
1162,Brad Butler,2009,26,5-143,BUF,NFL,2,2,1,0,0,1
1163,Deon Butler,2009,23,3-91,SEA,NFL,16,0,1,0,0,1
1164,Rashad Butler,2009,26,3-89,HOU,NFL,16,0,1,0,0,1
1165,Jeremy Cain,2009,29,,JAX,NFL,16,0,1,0,0,1
1166,John Carney,2009,45,,NOR,NFL,11,0,1,0,0,1
1167,David Carr,2009,30,1-1,NYG,NFL,6,0,1,0,0,1
1168,Tony Carter,2009,23,,DEN,NFL,2,1,1,0,0,1
1169,James Casey,2009,25,5-152,HOU,NFL,15,0,1,0,0,1
1170,Jonathan Casillas,2009,22,,NOR,NFL,11,2,1,0,0,1
1171,Tim Castille,2009,25,,KAN,NFL,7,0,1,0,0,1
1172,Chris Chamberlain,2009,24,7-228,STL,NFL,16,0,1,0,0,1
1173,Jeff Charleston,2009,26,,NOR,NFL,16,0,1,0,0,1
1174,Desmond Clark,2009,32,6-179,CHI,NFL,11,7,1,0,0,1
1175,Chris Clemons,2009,28,,PHI,NFL,16,0,1,0,0,1
1176,Chris Clemons,2009,24,5-165,MIA,NFL,11,2,1,0,0,1
1177,Daniel Coats,2009,25,,CIN,NFL,16,11,1,0,0,1
1178,Joe Cohen,2009,25,4-135,DET,NFL,7,0,1,0,0,1
1179,Marquice Cole,2009,26,,NYJ,NFL,11,0,1,0,0,1
1180,Drew Coleman,2009,26,6-189,NYJ,NFL,15,1,1,0,0,1
1181,Jared Cook,2009,22,3-89,TEN,NFL,14,0,1,0,0,1
1182,Terrance Copper,2009,27,,KAN,NFL,15,2,1,0,0,1
1183,Brad Cottam,2009,25,3-76,KAN,NFL,8,1,1,0,0,1
1184,Mike Cox,2009,24,,KAN,NFL,16,10,1,0,0,1
1185,Torrie Cox,2009,29,6-205,TAM,NFL,11,1,1,0,0,1
1186,Brodie Croyle,2009,26,3-85,KAN,NFL,3,1,1,0,0,1
1187,Kevin Curtis,2009,31,3-74,PHI,NFL,3,1,1,0,0,1
1188,Travis Daniels,2009,27,4-104,KAN,NFL,9,2,1,0,0,1
1189,Kenneth Darby,2009,27,7-246,STL,NFL,16,1,1,0,0,1
1190,Andre' Davis,2009,30,2-47,HOU,NFL,14,1,1,0,0,1
1191,Craig Davis,2009,24,1-30,SDG,NFL,1,0,1,0,0,1
1192,Kellen Davis,2009,24,5-158,CHI,NFL,16,2,1,0,0,1
1193,Will Davis,2009,23,6-204,ARI,NFL,11,0,1,0,0,1
1194,James Dearth,2009,33,6-191,NYJ,NFL,16,0,1,0,0,1
1195,Quintin Demps,2009,24,4-117,PHI,NFL,9,0,1,0,0,1
1196,John Denney,2009,31,,MIA,NFL,16,0,1,0,0,1
1197,Zak DeOssie,2009,25,4-116,NYG,NFL,16,0,1,0,0,1
1198,Evan Dietrich-Smith,2009,23,,GNB,NFL,13,0,1,0,0,1
1199,Jarett Dillard,2009,24,5-144,JAX,NFL,7,0,1,0,0,1
1200,Antonio Dixon,2009,24,,PHI,NFL,16,0,1,0,0,1
1201,Dennis Dixon,2009,24,5-156,PIT,NFL,1,1,1,0,0,1
1202,Jordon Dizon,2009,23,2-45,DET,NFL,16,0,1,0,0,1
1203,Demar Dotson,2009,24,,TAM,NFL,9,0,1,0,0,1
1204,Leger Douzable,2009,23,,STL,NFL,12,1,1,0,0,1
1205,Jeff Dugan,2009,28,7-220,MIN,NFL,16,4,1,0,0,1
1206,King Dunlap,2009,24,7-230,PHI,NFL,12,0,1,0,0,1
1207,Andrew Economos,2009,27,,TAM,NFL,16,0,1,0,0,1
1208,Isaiah Ekejiuba,2009,28,,OAK,NFL,16,0,1,0,0,1
1209,Demetric Evans,2009,30,,SFO,NFL,14,0,1,0,0,1
1210,Fred Evans,2009,26,7-212,MIN,NFL,13,0,1,0,0,1
1211,Heath Evans,2009,31,3-82,NOR,NFL,6,5,1,0,0,1
1212,Jeff Feagles,2009,43,,NYG,NFL,16,0,1,0,0,1
1213,Daniel Federkeil,2009,26,,IND,NFL,6,0,1,0,0,1
1214,Jerome Felton,2009,23,5-146,DET,NFL,13,8,1,0,0,1
1215,Nick Ferguson,2009,35,,HOU,NFL,10,1,1,0,0,1
1216,Derek Fine,2009,26,4-132,BUF,NFL,8,6,1,0,0,1
1217,Brian Finneran,2009,33,,ATL,NFL,10,2,1,0,0,1
1218,Casey Fitzsimmons,2009,29,,DET,NFL,12,1,1,0,0,1
1219,Bradley Fletcher,2009,23,3-66,STL,NFL,7,3,1,0,0,1
1220,Zack Follett,2009,22,7-235,DET,NFL,12,0,1,0,0,1
1221,Ryan Fowler,2009,27,,NYJ,NFL,8,0,1,0,0,1
1222,Eric Frampton,2009,25,5-165,MIN,NFL,16,0,1,0,0,1
1223,Aaron Francisco,2009,26,,IND,NFL,10,2,1,0,0,1
1224,Andre Frazier,2009,27,,PIT,NFL,14,0,1,0,0,1
1225,Brandon Frye,2009,26,5-163,SEA,NFL,4,3,1,0,0,1
1226,Charlie Frye,2009,28,3-67,OAK,NFL,3,3,1,0,0,1
1227,Thomas Gafford,2009,26,,KAN,NFL,16,0,1,0,0,1
1228,Joey Galloway,2009,38,1-8,NWE,NFL,3,2,1,0,0,1
1229,Graham Gano,2009,22,,WAS,NFL,4,0,1,0,0,1
1230,Tony Gilbert,2009,30,6-210,ATL,NFL,12,0,1,0,0,1
1231,Cody Glenn,2009,23,5-158,IND,NFL,9,0,1,0,0,1
1232,Brett Goode,2009,25,,GNB,NFL,16,0,1,0,0,1
1233,Brandon Gorin,2009,31,7-201,DEN,NFL,6,1,1,0,0,1
1234,Corey Graham,2009,24,5-168,CHI,NFL,16,1,1,0,0,1
1235,Earnest Graham,2009,29,,TAM,NFL,13,6,1,0,0,1
1236,Larry Grant,2009,24,7-214,STL,NFL,16,0,1,0,0,1
1237,John Greco,2009,24,3-65,STL,NFL,11,3,1,0,0,1
1238,Ahman Green,2009,32,3-76,GNB,NFL,8,0,1,0,0,1
1239,BenJarvus Green-Ellis,2009,24,,NWE,NFL,12,0,1,0,0,1
1240,Justin Griffith,2009,29,4-121,SEA,NFL,13,11,1,0,0,1
1241,Derek Hagan,2009,25,3-82,NYG,NFL,16,0,1,0,0,1
1242,David Hale,2009,26,4-133,BAL,NFL,12,0,1,0,0,1
1243,Ahmard Hall,2009,30,,TEN,NFL,16,7,1,0,0,1
1244,Alex Hall,2009,24,7-231,CLE,NFL,14,0,1,0,0,1
1245,Lynell Hamilton,2009,24,,NOR,NFL,9,1,1,0,0,1
1246,Chris Hanson,2009,33,,NWE,NFL,16,0,1,0,0,1
1247,Antoine Harris,2009,27,,ATL,NFL,10,0,1,0,0,1
1248,Cary Harris,2009,22,6-183,BUF,NFL,4,1,1,0,0,1
1249,Clark Harris,2009,25,7-243,CIN,NFL,11,0,1,0,0,1
1250,Orien Harris,2009,26,4-133,CIN,NFL,4,0,1,0,0,1
1251,Arnold Harrison,2009,27,,2TM,NFL,12,0,1,0,0,1
1252,Clinton Hart,2009,32,,2TM,NFL,7,3,1,0,0,1
1253,Mike Hart,2009,23,6-202,IND,NFL,9,0,1,0,0,1
1254,Garrett Hartley,2009,23,,NOR,NFL,5,0,1,0,0,1
1255,Spencer Havner,2009,26,,GNB,NFL,16,1,1,0,0,1
1256,Lavelle Hawkins,2009,23,4-126,TEN,NFL,10,0,1,0,0,1
1257,Joey Haynos,2009,25,,MIA,NFL,16,8,1,0,0,1
1258,Adam Hayward,2009,25,6-182,TAM,NFL,15,1,1,0,0,1
1259,Kyries Hebert,2009,29,,CIN,NFL,15,0,1,0,0,1
1260,Steve Heiden,2009,33,3-69,CLE,NFL,7,6,1,0,0,1
1261,David Herron,2009,25,,KAN,NFL,10,0,1,0,0,1
1262,Jacob Hester,2009,24,3-69,SDG,NFL,15,10,1,0,0,1
1263,Darrius Heyward-Bey,2009,22,1-7,OAK,NFL,11,11,1,0,0,1
1264,Jason Hill,2009,24,3-76,SFO,NFL,11,0,1,0,0,1
1265,Kevin Hobbs,2009,26,,DET,NFL,14,2,1,0,0,1
1266,Abdul Hodge,2009,27,3-67,CIN,NFL,16,0,1,0,0,1
1267,Chris Hoke,2009,33,,PIT,NFL,16,0,1,0,0,1
1268,Jonathan Holland,2009,24,7-254,OAK,NFL,14,0,1,0,0,1
1269,James Holt,2009,23,,SDG,NFL,9,0,1,0,0,1
1270,Brad Hoover,2009,33,,CAR,NFL,11,4,1,0,0,1
1271,Kevin Houser,2009,32,7-228,SEA,NFL,14,0,1,0,0,1
1272,Brian Hoyer,2009,24,,NWE,NFL,5,0,1,0,0,1
1273,Marcus Hudson,2009,27,6-192,SFO,NFL,12,0,1,0,0,1
1274,Nate Hughes,2009,24,,JAX,NFL,8,0,1,0,0,1
1275,Wayne Hunter,2009,28,3-73,NYJ,NFL,16,1,1,0,0,1
1276,Sam Hurd,2009,24,,DAL,NFL,16,1,1,0,0,1
1277,James Ihedigbo,2009,26,,NYJ,NFL,15,0,1,0,0,1
1278,Jake Ingram,2009,24,6-198,NWE,NFL,16,0,1,0,0,1
1279,Kenny Iwebema,2009,24,4-116,ARI,NFL,11,0,1,0,0,1
1280,Tarvaris Jackson,2009,26,2-64,MIN,NFL,8,0,1,0,0,1
1281,Edgerrin James,2009,31,1-4,SEA,NFL,7,0,1,0,0,1
1282,J.J. Jansen,2009,23,,CAR,NFL,16,0,1,0,0,1
1283,Jon Jansen,2009,33,2-37,DET,NFL,11,2,1,0,0,1
1284,Jeremy Jarmon,2009,22,3-0,WAS,NFL,11,1,1,0,0,1
1285,Brian Jennings,2009,33,7-230,SFO,NFL,16,0,1,0,0,1
1286,Peria Jerry,2009,25,1-24,ATL,NFL,2,2,1,0,0,1
1287,Dirk Johnson,2009,34,,TAM,NFL,11,0,1,0,0,1
1288,Rashad Johnson,2009,23,3-95,ARI,NFL,10,1,1,0,0,1
1289,Todd Johnson,2009,31,4-100,BUF,NFL,8,0,1,0,0,1
1290,Travis Johnson,2009,27,1-16,SDG,NFL,13,0,1,0,0,1
1291,David Jones,2009,24,5-145,CIN,NFL,12,0,1,0,0,1
1292,Jason Jones,2009,23,2-54,TEN,NFL,7,0,1,0,0,1
1293,LaMont Jordan,2009,31,2-49,DEN,NFL,9,0,1,0,0,1
1294,Kevin Kaesviharn,2009,33,,TEN,NFL,13,0,1,0,0,1
1295,Matt Katula,2009,27,,BAL,NFL,16,0,1,0,0,1
1296,Stanford Keglar,2009,24,4-134,TEN,NFL,12,0,1,0,0,1
1297,Bryan Kehl,2009,25,4-123,NYG,NFL,14,1,1,0,0,1
1298,Jim Kleinsasser,2009,32,2-44,MIN,NFL,16,8,1,0,0,1
1299,Michael Koenen,2009,27,,ATL,NFL,16,0,1,0,0,1
1300,Niko Koutouvides,2009,28,4-116,TAM,NFL,16,0,1,0,0,1
1301,Paul Kruger,2009,23,2-57,BAL,NFL,9,1,1,0,0,1
1302,John Kuhn,2009,27,,GNB,NFL,14,6,1,0,0,1
1303,Jason Kyle,2009,37,4-126,NOR,NFL,16,0,1,0,0,1
1304,L.P. Ladouceur,2009,28,,DAL,NFL,16,0,1,0,0,1
1305,Derek Landri,2009,26,5-166,JAX,NFL,7,0,1,0,0,1
1306,Ellis Lankster,2009,22,7-220,BUF,NFL,10,0,1,0,0,1
1307,Spencer Larsen,2009,25,6-183,DEN,NFL,9,1,1,0,0,1
1308,Lance Laury,2009,27,,SEA,NFL,16,0,1,0,0,1
1309,Ty Law,2009,35,1-23,DEN,NFL,7,2,1,0,0,1
1310,Trevor Laws,2009,24,2-47,PHI,NFL,11,0,1,0,0,1
1311,Mike Leach,2009,33,,ARI,NFL,16,0,1,0,0,1
1312,Vonta Leach,2009,28,,HOU,NFL,16,4,1,0,0,1
1313,Nick Leckey,2009,27,6-167,NOR,NFL,8,0,1,0,0,1
1314,Byron Leftwich,2009,29,1-7,TAM,NFL,3,3,1,0,0,1
1315,Maurice Leggett,2009,23,,KAN,NFL,10,1,1,0,0,1
1316,Doug Legursky,2009,23,,PIT,NFL,8,0,1,0,0,1
1317,Matt Leinart,2009,26,1-10,ARI,NFL,8,1,1,0,0,1
1318,Louis Leonard,2009,25,,CAR,NFL,2,1,1,0,0,1
1319,Mark LeVoir,2009,27,,NWE,NFL,10,0,1,0,0,1
1320,D.D. Lewis,2009,30,,SEA,NFL,12,0,1,0,0,1
1321,Greg Lewis,2009,29,,MIN,NFL,13,1,1,0,0,1
1322,Trey Lewis,2009,24,6-185,ATL,NFL,8,1,1,0,0,1
1323,Brandon Lloyd,2009,28,4-124,DEN,NFL,2,1,1,0,0,1
1324,Bret Lockett,2009,23,,NWE,NFL,10,0,1,0,0,1
1325,Cullen Loeffler,2009,28,,MIN,NFL,16,0,1,0,0,1
1326,Lance Long,2009,24,,2TM,NFL,8,1,1,0,0,1
1327,Jonathan Luigs,2009,23,4-106,CIN,NFL,8,0,1,0,0,1
1328,Corey Lynch,2009,24,6-177,TAM,NFL,13,0,1,0,0,1
1329,Alex Magee,2009,22,3-67,KAN,NFL,15,1,1,0,0,1
1330,Patrick Mannelly,2009,34,6-189,CHI,NFL,16,0,1,0,0,1
1331,Sen'Derrick Marks,2009,22,2-62,TEN,NFL,9,0,1,0,0,1
1332,Derrick Martin,2009,24,6-208,GNB,NFL,14,1,1,0,0,1
1333,Ruvell Martin,2009,27,,STL,NFL,8,0,1,0,0,1
1334,Vaughn Martin,2009,23,4-113,SDG,NFL,10,0,1,0,0,1
1335,Marcus Mason,2009,25,,WAS,NFL,10,0,1,0,0,1
1336,Aaron Maybin,2009,21,1-11,BUF,NFL,16,0,1,0,0,1
1337,Brad Maynard,2009,35,3-95,CHI,NFL,16,0,1,0,0,1
1338,Joe Mays,2009,24,6-200,PHI,NFL,11,1,1,0,0,1
1339,Darcel McBath,2009,24,2-48,DEN,NFL,13,0,1,0,0,1
1340,Brice McCain,2009,23,6-188,HOU,NFL,16,1,1,0,0,1
1341,John McCargo,2009,26,1-26,BUF,NFL,11,1,1,0,0,1
1342,Darrell McClover,2009,28,7-213,CHI,NFL,13,0,1,0,0,1
1343,Jason McCourty,2009,22,6-203,TEN,NFL,15,3,1,0,0,1
1344,Matt McCoy,2009,27,2-63,TAM,NFL,12,2,1,0,0,1
1345,Bobby McCray,2009,28,7-249,NOR,NFL,16,0,1,0,0,1
1346,Tony McDaniel,2009,24,,MIA,NFL,16,0,1,0,0,1
1347,Damion McIntosh,2009,32,3-83,SEA,NFL,10,2,1,0,0,1
1348,Corey McIntyre,2009,30,,BUF,NFL,15,4,1,0,0,1
1349,Leodis McKelvin,2009,24,1-11,BUF,NFL,3,3,1,0,0,1
1350,Mike McKenzie,2009,33,3-87,NOR,NFL,5,2,1,0,0,1
1351,Brandon McKinney,2009,26,,BAL,NFL,7,0,1,0,0,1
1352,Seth McKinney,2009,30,3-90,BUF,NFL,8,1,1,0,0,1
1353,Pat McQuistan,2009,26,7-211,DAL,NFL,7,0,1,0,0,1
1354,William Middleton,2009,23,5-138,JAX,NFL,12,0,1,0,0,1
1355,Lawyer Milloy,2009,36,2-36,SEA,NFL,16,1,1,0,0,1
1356,Mike Mitchell,2009,22,2-47,OAK,NFL,16,0,1,0,0,1
1357,Fili Moala,2009,24,2-56,IND,NFL,10,1,1,0,0,1
1358,Anthony Montgomery,2009,25,5-153,WAS,NFL,7,0,1,0,0,1
1359,Mike Montgomery,2009,26,6-180,GNB,NFL,10,0,1,0,0,1
1360,Dre Moore,2009,24,4-115,TAM,NFL,7,0,1,0,0,1
1361,Evan Moore,2009,24,,CLE,NFL,5,0,1,0,0,1
1362,Kenny Moore,2009,24,5-136,CAR,NFL,12,1,1,0,0,1
1363,Kyle Moore,2009,23,4-117,TAM,NFL,8,0,1,0,0,1
1364,Quentin Moses,2009,26,3-65,MIA,NFL,10,0,1,0,0,1
1365,C.J. Mosley,2009,26,6-191,CLE,NFL,12,1,1,0,0,1
1366,Ovie Mughelli,2009,29,4-134,ATL,NFL,14,7,1,0,0,1
1367,Don Muhlbach,2009,28,,DET,NFL,15,0,1,0,0,1
1368,Ryan Mundy,2009,24,6-194,PIT,NFL,16,0,1,0,0,1
1369,Marques Murrell,2009,24,,NYJ,NFL,10,0,1,0,0,1
1370,Haruki Nakamura,2009,23,6-206,BAL,NFL,9,0,1,0,0,1
1371,Shawn Nelson,2009,24,4-121,BUF,NFL,12,12,1,0,0,1
1372,Jamar Nesbit,2009,33,,NOR,NFL,13,0,1,0,0,1
1373,Donnie Nickey,2009,29,5-154,TEN,NFL,16,1,1,0,0,1
1374,Dennis Norman,2009,29,7-222,SDG,NFL,10,0,1,0,0,1
1375,Moran Norris,2009,31,4-115,SFO,NFL,16,7,1,0,0,1
1376,Keith Null,2009,24,6-196,STL,NFL,4,4,1,0,0,1
1377,Steve Octavien,2009,25,,DAL,NFL,14,0,1,0,0,1
1378,Kevin Ogletree,2009,22,,DAL,NFL,11,0,1,0,0,1
1379,Kenny Onatolu,2009,27,,MIN,NFL,16,0,1,0,0,1
1380,Michael Otto,2009,26,7-223,TEN,NFL,14,0,1,0,0,1
1381,Tony Pashos,2009,29,5-173,SFO,NFL,5,1,1,0,0,1
1382,Ben Patrick,2009,25,7-215,ARI,NFL,9,7,1,0,0,1
1383,Dimitri Patterson,2009,26,,PHI,NFL,11,0,1,0,0,1
1384,Lonie Paxton,2009,31,,DEN,NFL,16,0,1,0,0,1
1385,Karl Paymah,2009,27,3-76,MIN,NFL,12,2,1,0,0,1
1386,Kalvin Pearson,2009,31,,DET,NFL,12,0,1,0,0,1
1387,Justin Peelle,2009,30,4-103,ATL,NFL,15,8,1,0,0,1
1388,Chad Pennington,2009,33,1-18,MIA,NFL,3,3,1,0,0,1
1389,Jermaine Phillips,2009,30,5-157,TAM,NFL,2,2,1,0,0,1
1390,John Phillips,2009,22,6-208,DAL,NFL,16,4,1,0,0,1
1391,Kenny Phillips,2009,23,1-31,NYG,NFL,2,2,1,0,0,1
1392,Ropati Pitoitua,2009,24,,NYJ,NFL,8,0,1,0,0,1
1393,Chester Pitts,2009,30,2-50,HOU,NFL,2,2,1,0,0,1
1394,Adam Podlesh,2009,26,4-101,JAX,NFL,16,0,1,0,0,1
1395,Lousaka Polite,2009,28,,MIA,NFL,16,9,1,0,0,1
1396,Ryan Pontbriand,2009,30,5-142,CLE,NFL,16,0,1,0,0,1
1397,Leonard Pope,2009,26,3-72,KAN,NFL,13,8,1,0,0,1
1398,DeMario Pressley,2009,24,5-144,NOR,NFL,7,0,1,0,0,1
1399,Pierson Prioleau,2009,32,4-110,NOR,NFL,16,1,1,0,0,1
1400,Cory Procter,2009,27,,DAL,NFL,12,0,1,0,0,1
1401,Keiwan Ratliff,2009,28,2-49,PIT,NFL,8,0,1,0,0,1
1402,Chris Reis,2009,26,,NOR,NFL,15,1,1,0,0,1
1403,Jamey Richard,2009,25,7-236,IND,NFL,10,0,1,0,0,1
1404,Barry Richardson,2009,23,6-170,KAN,NFL,10,1,1,0,0,1
1405,Mike Richardson,2009,25,6-202,KAN,NFL,11,1,1,0,0,1
1406,David Roach,2009,24,,STL,NFL,15,0,1,0,0,1
1407,DelJuan Robinson,2009,25,,HOU,NFL,11,0,1,0,0,1
1408,Gijon Robinson,2009,25,,IND,NFL,13,10,1,0,0,1
1409,Laurent Robinson,2009,24,3-75,STL,NFL,3,3,1,0,0,1
1410,Brian Robiskie,2009,22,2-36,CLE,NFL,11,1,1,0,0,1
1411,Brian Robison,2009,26,4-102,MIN,NFL,16,0,1,0,0,1
1412,Courtney Roby,2009,26,3-68,NOR,NFL,15,0,1,0,0,1
1413,Brett Romberg,2009,30,,ATL,NFL,9,0,1,0,0,1
1414,Stanford Routt,2009,26,2-38,OAK,NFL,16,1,1,0,0,1
1415,Robert Royal,2009,30,5-160,CLE,NFL,13,11,1,0,0,1
1416,Jon Runyan,2009,36,4-109,SDG,NFL,5,0,1,0,0,1
1417,T.J. Rushing,2009,26,7-238,IND,NFL,15,0,1,0,0,1
1418,Brian Russell,2009,31,,2TM,NFL,12,1,1,0,0,1
1419,Gary Russell,2009,23,,OAK,NFL,12,4,1,0,0,1
1420,Sean Ryan,2009,29,5-144,KAN,NFL,10,8,1,0,0,1
1421,Garrison Sanborn,2009,24,,BUF,NFL,16,0,1,0,0,1
1422,Bob Sanders,2009,28,2-44,IND,NFL,2,2,1,0,0,1
1423,Jamarca Sanford,2009,24,7-231,MIN,NFL,14,1,1,0,0,1
1424,Tom Santi,2009,24,6-196,IND,NFL,3,2,1,0,0,1
1425,Dantrell Savage,2009,24,,KAN,NFL,5,0,1,0,0,1
1426,Brian Schaefering,2009,26,,CLE,NFL,5,1,1,0,0,1
1427,Derek Schouman,2009,24,7-222,BUF,NFL,2,2,1,0,0,1
1428,Josh Scobee,2009,27,5-137,JAX,NFL,16,0,1,0,0,1
1429,Junior Seau,2009,40,1-5,NWE,NFL,7,0,1,0,0,1
1430,Mike Sellers,2009,34,,WAS,NFL,15,7,1,0,0,1
1431,Jordan Senn,2009,25,,2TM,NFL,8,0,1,0,0,1
1432,Mark Setterstrom,2009,25,7-242,STL,NFL,9,3,1,0,0,1
1433,Tim Shaw,2009,25,5-164,CHI,NFL,15,0,1,0,0,1
1434,Junior Siavii,2009,31,2-36,DAL,NFL,16,0,1,0,0,1
1435,Jamie Silva,2009,25,,IND,NFL,14,0,1,0,0,1
1436,Kendall Simmons,2009,30,1-30,2TM,NFL,4,3,1,0,0,1
1437,Clint Sintim,2009,23,2-45,NYG,NFL,11,0,1,0,0,1
1438,Dan Skuta,2009,23,,CIN,NFL,8,0,1,0,0,1
1439,Alphonso Smith,2009,24,2-37,DEN,NFL,15,0,1,0,0,1
1440,Andre Smith,2009,22,1-6,CIN,NFL,6,1,1,0,0,1
1441,Bryan Smith,2009,26,3-80,JAX,NFL,6,2,1,0,0,1
1442,DeAngelo Smith,2009,23,5-143,DET,NFL,7,1,1,0,0,1
1443,Hunter Smith,2009,32,7-210,WAS,NFL,13,0,1,0,0,1
1444,Jason Smith,2009,23,1-2,STL,NFL,8,5,1,0,0,1
1445,Reggie Smith,2009,23,3-75,SFO,NFL,10,0,1,0,0,1
1446,Nick Sorensen,2009,31,,CLE,NFL,16,0,1,0,0,1
1447,C.J. Spillman,2009,23,,SDG,NFL,5,1,1,0,0,1
1448,Micheal Spurlock,2009,26,,2TM,NFL,6,0,1,0,0,1
1449,Montavious Stanley,2009,28,6-182,JAX,NFL,15,0,1,0,0,1
1450,Drew Stanton,2009,25,2-43,DET,NFL,3,1,1,0,0,1
1451,Craig Steltz,2009,23,4-120,CHI,NFL,12,2,1,0,0,1
1452,Jerramy Stevens,2009,30,1-28,TAM,NFL,16,8,1,0,0,1
1453,Shaun Suisham,2009,28,,2TM,NFL,14,0,1,0,0,1
1454,Tyrell Sutton,2009,23,,CAR,NFL,7,1,1,0,0,1
1455,Naufahu Tahi,2009,28,,MIN,NFL,15,2,1,0,0,1
1456,Curtis Taylor,2009,24,7-219,SFO,NFL,7,0,1,0,0,1
1457,Craig Terrill,2009,29,6-189,SEA,NFL,13,1,1,0,0,1
1458,Randy Thomas,2009,33,2-57,WAS,NFL,2,2,1,0,0,1
1459,Pisa Tinoisamoa,2009,28,2-43,CHI,NFL,2,2,1,0,0,1
1460,Greg Toler,2009,24,4-131,ARI,NFL,13,0,1,0,0,1
1461,Dave Tollefson,2009,28,7-253,NYG,NFL,15,0,1,0,0,1
1462,Michael Toudouze,2009,26,5-162,IND,NFL,2,1,1,0,0,1
1463,Morgan Trent,2009,24,6-179,CIN,NFL,16,0,1,0,0,1
1464,Jyles Tucker,2009,26,,SDG,NFL,7,0,1,0,0,1
1465,Brandon Underwood,2009,23,6-187,GNB,NFL,11,0,1,0,0,1
1466,David Veikune,2009,24,2-52,CLE,NFL,10,0,1,0,0,1
1467,Raymond Ventrone,2009,23,,CLE,NFL,14,0,1,0,0,1
1468,Michael Vick,2009,29,1-1,PHI,NFL,12,1,1,0,0,1
1469,Adam Vinatieri,2009,37,,IND,NFL,6,0,1,0,0,1
1470,Billy Volek,2009,33,,SDG,NFL,4,0,1,0,0,1
1471,Erik Walden,2009,24,6-167,MIA,NFL,11,0,1,0,0,1
1472,Langston Walker,2009,30,2-53,OAK,NFL,7,2,1,0,0,1
1473,Reggie Walker,2009,23,,ARI,NFL,7,0,1,0,0,1
1474,Vance Walker,2009,22,7-210,ATL,NFL,10,1,1,0,0,1
1475,Danny Ware,2009,24,,NYG,NFL,8,0,1,0,0,1
1476,Matt Ware,2009,27,3-89,ARI,NFL,11,1,1,0,0,1
1477,Greg Warren,2009,28,,PIT,NFL,14,0,1,0,0,1
1478,Pat Watkins,2009,27,5-138,DAL,NFL,13,1,1,0,0,1
1479,Todd Watkins,2009,26,7-218,OAK,NFL,13,1,1,0,0,1
1480,Eric Weems,2009,24,,ATL,NFL,16,0,1,0,0,1
1481,John Wendling,2009,26,6-184,BUF,NFL,16,0,1,0,0,1
1482,Byron Westbrook,2009,24,,WAS,NFL,15,1,1,0,0,1
1483,Guy Whimper,2009,26,4-129,NYG,NFL,6,0,1,0,0,1
1484,Pat White,2009,23,2-44,MIA,NFL,13,0,1,0,0,1
1485,Ernest Wilford,2009,30,4-120,JAX,NFL,15,7,1,0,0,1
1486,Matt Wilhelm,2009,28,4-112,SFO,NFL,11,1,1,0,0,1
1487,Gerris Wilkinson,2009,26,3-96,NYG,NFL,9,0,1,0,0,1
1488,Cary Williams,2009,25,7-229,2TM,NFL,9,1,1,0,0,1
1489,Demetrius Williams,2009,26,4-111,BAL,NFL,12,0,1,0,0,1
1490,Edwin Williams,2009,23,,WAS,NFL,3,2,1,0,0,1
1491,Garry Williams,2009,23,,CAR,NFL,7,0,1,0,0,1
1492,Jack Williams,2009,24,4-119,2TM,NFL,8,0,1,0,0,1
1493,Julius Williams,2009,23,,JAX,NFL,11,1,1,0,0,1
1494,Kyle Williams,2009,25,,SEA,NFL,3,1,1,0,0,1
1495,Chris Wilson,2009,27,,WAS,NFL,16,0,1,0,0,1
1496,Garrett Wolfe,2009,25,3-93,CHI,NFL,8,0,1,0,0,1
1497,Danny Woodhead,2009,24,,NYJ,NFL,10,0,1,0,0,1
1498,Tony Wragge,2009,30,,SFO,NFL,15,0,1,0,0,1
1499,Jason Wright,2009,27,,ARI,NFL,16,0,1,0,0,1
1500,Mansfield Wrotto,2009,25,4-124,SEA,NFL,7,1,1,0,0,1
1501,Jarius Wynn,2009,23,6-182,GNB,NFL,11,0,1,0,0,1
1502,Ashton Youboty,2009,25,3-70,BUF,NFL,11,1,1,0,0,1
1503,Usama Young,2009,24,3-66,NOR,NFL,12,1,1,0,0,1
1504,Dave Zastudil,2009,31,4-112,CLE,NFL,8,0,1,0,0,1
1505,Hamza Abdullah,2009,26,7-231,ARI,NFL,1,0,1,0,0,0
1506,Jamar Adams,2009,24,,SEA,NFL,6,0,1,0,0,0
1507,Titus Adams,2009,26,7-220,NWE,NFL,2,0,1,0,0,0
1508,Spencer Adkins,2009,22,6-176,ATL,NFL,5,0,1,0,0,0
1509,Jake Allen,2009,24,,2TM,NFL,3,0,1,0,0,0
1510,Roger Allen,2009,23,,STL,NFL,2,1,1,0,0,0
1511,Brandon Anderson,2009,24,,TAM,NFL,3,0,1,0,0,0
1512,Deon Anderson,2009,26,6-195,DAL,NFL,16,9,1,0,0,0
1513,Shane Andrus,2009,29,,3TM,NFL,5,0,1,0,0,0
1514,Antwan Applewhite,2009,24,,SDG,NFL,1,0,1,0,0,0
1515,B.J. Askew,2009,29,3-85,TAM,NFL,5,2,1,0,0,0
1516,Chris Baker,2009,22,,DEN,NFL,1,0,1,0,0,0
1517,Ryan Baker,2009,25,,MIA,NFL,5,0,1,0,0,0
1518,Eric Bakhtiari,2009,25,,TEN,NFL,3,0,1,0,0,0
1519,Ervin Baldwin,2009,23,7-208,IND,NFL,3,0,1,0,0,0
1520,Jason Banks,2009,24,,ARI,NFL,1,0,1,0,0,0
1521,Ramses Barden,2009,23,3-85,NYG,NFL,3,0,1,0,0,0
1522,Kevin Barnes,2009,23,3-80,WAS,NFL,4,0,1,0,0,0
1523,Hank Baskett,2009,27,,2TM,NFL,12,0,1,0,0,0
1524,Charlie Batch,2009,35,2-60,PIT,NFL,1,0,1,0,0,0
1525,Arnaz Battle,2009,29,6-197,SFO,NFL,15,0,1,0,0,0
1526,Jackie Battle,2009,26,,KAN,NFL,5,0,1,0,0,0
1527,Travis Beckum,2009,22,3-100,NYG,NFL,15,2,1,0,0,0
1528,Monty Beisel,2009,31,4-107,2TM,NFL,9,0,1,0,0,0
1529,Josh Bell,2009,24,,GNB,NFL,4,0,1,0,0,0
1530,Michael Bennett,2009,24,,TAM,NFL,7,0,1,0,0,0
1531,Darnell Bing,2009,25,4-101,DET,NFL,4,0,1,0,0,0
1532,Will Blackmon,2009,25,4-115,GNB,NFL,3,0,1,0,0,0
1533,Rocky Boiman,2009,29,4-133,PIT,NFL,6,0,1,0,0,0
1534,Brock Bolen,2009,24,,JAX,NFL,3,0,1,0,0,0
1535,John Bowie,2009,25,4-110,OAK,NFL,3,0,1,0,0,0
1536,Jerome Boyd,2009,23,,OAK,NFL,1,0,1,0,0,0
1537,Diyral Briggs,2009,24,,SFO,NFL,4,0,1,0,0,0
1538,Eric Brock,2009,24,,ATL,NFL,2,0,1,0,0,0
1539,Brian Brohm,2009,24,2-56,BUF,NFL,2,1,1,0,0,0
1540,Kris Brown,2009,33,7-228,HOU,NFL,16,0,1,0,0,0
1541,Titus Brown,2009,23,,CLE,NFL,1,0,1,0,0,0
1542,Mark Brunell,2009,39,5-118,NOR,NFL,16,1,1,0,0,0
1543,Eldra Buckley,2009,24,,PHI,NFL,16,0,1,0,0,0
1544,David Buehler,2009,22,5-172,DAL,NFL,16,0,1,0,0,0
1545,Antwon Burton,2009,26,,CAR,NFL,2,0,1,0,0,0
1546,Khary Campbell,2009,30,,HOU,NFL,1,0,1,0,0,0
1547,Steve Cargile,2009,27,,TAM,NFL,1,0,1,0,0,0
1548,Ahmad Carroll,2009,26,1-25,NYJ,NFL,6,0,1,0,0,0
1549,Tim Carter,2009,30,2-46,STL,NFL,2,0,1,0,0,0
1550,Simeon Castille,2009,24,,SDG,NFL,1,0,1,0,0,0
1551,Vinny Ciurciu,2009,29,,DET,NFL,9,0,1,0,0,0
1552,Kendrick Clancy,2009,31,3-72,NOR,NFL,2,0,1,0,0,0
1553,Brian Clark,2009,26,,TAM,NFL,14,0,1,0,0,0
1554,Corey Clark,2009,25,7-234,SDG,NFL,2,0,1,0,0,0
1555,Ben Claxton,2009,29,5-157,ARI,NFL,1,0,1,0,0,0
1556,Kellen Clemens,2009,26,2-49,NYJ,NFL,10,1,1,0,0,0
1557,Colin Cloherty,2009,22,,IND,NFL,1,0,1,0,0,0
1558,Patrick Cobbs,2009,26,,MIA,NFL,5,0,1,0,0,0
1559,Michael Coe,2009,26,5-173,JAX,NFL,5,0,1,0,0,0
1560,Ricardo Colclough,2009,27,2-38,KAN,NFL,1,0,1,0,0,0
1561,Andre Coleman,2009,25,,SDG,NFL,2,0,1,0,0,0
1562,Todd Collins,2009,38,2-45,WAS,NFL,3,0,1,0,0,0
1563,Jonathan Compas,2009,23,,TAM,NFL,2,0,1,0,0,0
1564,Jon Cooper,2009,23,,MIN,NFL,1,0,1,0,0,0
1565,Quan Cosby,2009,27,,CIN,NFL,16,0,1,0,0,0
1566,Kennard Cox,2009,24,7-251,JAX,NFL,4,0,1,0,0,0
1567,Quinton Culberson,2009,24,,2TM,NFL,6,0,1,0,0,0
1568,Daunte Culpepper,2009,32,1-11,DET,NFL,8,5,1,0,0,0
1569,Kenwin Cummings,2009,23,,NYJ,NFL,1,0,1,0,0,0
1570,Billy Cundiff,2009,29,,2TM,NFL,12,0,1,0,0,0
1571,Torrance Daniels,2009,28,,JAX,NFL,1,0,1,0,0,0
1572,Chartric Darby,2009,34,,DET,NFL,2,0,1,0,0,0
1573,Carey Davis,2009,28,,PIT,NFL,6,0,1,0,0,0
1574,James Davis,2009,23,6-195,CLE,NFL,2,0,1,0,0,0
1575,Rashied Davis,2009,30,,CHI,NFL,16,0,1,0,0,0
1576,Darnell Dinkins,2009,32,,NOR,NFL,11,3,1,0,0,0
1577,Lionel Dotson,2009,24,7-245,MIA,NFL,2,0,1,0,0,0
1578,Dominic Douglas,2009,22,,STL,NFL,4,0,1,0,0,0
1579,Keilen Dykes,2009,25,,ARI,NFL,2,0,1,0,0,0
1580,Biren Ealy,2009,25,,GNB,NFL,1,0,1,0,0,0
1581,Kyle Eckel,2009,28,,NOR,NFL,7,2,1,0,0,0
1582,Dominique Edison,2009,23,6-206,TEN,NFL,5,0,1,0,0,0
1583,Jason Elam,2009,39,3-70,ATL,NFL,11,0,1,0,0,0
1584,Chris Ellis,2009,24,3-72,BUF,NFL,3,0,1,0,0,0
1585,Atiyyah Ellison,2009,28,3-89,JAX,NFL,15,6,1,0,0,0
1586,Bobby Engram,2009,36,2-52,KAN,NFL,5,0,1,0,0,0
1587,Greg Estandia,2009,27,,2TM,NFL,6,1,1,0,0,0
1588,Demarcus Faggins,2009,30,6-173,DET,NFL,2,0,1,0,0,0
1589,Greg Fassitt,2009,24,,NOR,NFL,1,0,1,0,0,0
1590,Tony Fiammetta,2009,23,4-128,CAR,NFL,10,2,1,0,0,0
1591,Yamon Figurs,2009,26,3-74,2TM,NFL,6,0,1,0,0,0
1592,Travis Fisher,2009,30,2-64,SEA,NFL,4,0,1,0,0,0
1593,Matt Flynn,2009,24,7-209,GNB,NFL,15,0,1,0,0,0
1594,Nick Folk,2009,25,6-178,DAL,NFL,14,0,1,0,0,0
1595,J.D. Folsom,2009,25,7-214,MIA,NFL,2,0,1,0,0,0
1596,Trevor Ford,2009,23,,GNB,NFL,3,0,1,0,0,0
1597,Kynan Forney,2009,31,7-219,JAX,NFL,3,0,1,0,0,0
1598,Eric Fowler,2009,25,,DET,NFL,3,0,1,0,0,0
1599,Vernon Fox,2009,30,,DEN,NFL,2,0,1,0,0,0
1600,Coye Francies,2009,23,6-191,CLE,NFL,6,0,1,0,0,0
1601,Jamaal Fudge,2009,26,,ATL,NFL,2,0,1,0,0,0
1602,Christian Gaddis,2009,25,,BUF,NFL,1,0,1,0,0,0
1603,Samkon Gado,2009,27,,STL,NFL,15,0,1,0,0,0
1604,Michael Gaines,2009,29,7-232,2TM,NFL,10,7,1,0,0,0
1605,Dion Gales,2009,24,,KAN,NFL,3,0,1,0,0,0
1606,Antonio Garay,2009,30,6-195,SDG,NFL,2,0,1,0,0,0
1607,Jeff Garcia,2009,39,,PHI,NFL,1,0,1,0,0,0
1608,Andrew Gardner,2009,23,6-181,MIA,NFL,1,0,1,0,0,0
1609,K.J. Gerard,2009,23,,BAL,NFL,3,0,1,0,0,0
1610,Mike Gibson,2009,24,6-184,SEA,NFL,3,0,1,0,0,0
1611,Sam Giguere,2009,24,,IND,NFL,1,0,1,0,0,0
1612,Jarron Gilbert,2009,23,3-68,CHI,NFL,4,0,1,0,0,0
1613,John Gill,2009,23,,IND,NFL,2,0,1,0,0,0
1614,John Gilmore,2009,30,6-196,TAM,NFL,13,2,1,0,0,0
1615,Matt Giordano,2009,27,4-135,GNB,NFL,5,0,1,0,0,0
1616,Anthony Gonzalez,2009,25,1-32,IND,NFL,1,1,1,0,0,0
1617,Mike Goodson,2009,22,4-111,CAR,NFL,8,0,1,0,0,0
1618,Cletis Gordon,2009,27,,DAL,NFL,1,0,1,0,0,0
1619,Danny Gorrer,2009,23,,STL,NFL,3,1,1,0,0,0
1620,Tyronne Green,2009,23,4-133,SDG,NFL,3,0,1,0,0,0
1621,Courtney Greene,2009,23,7-245,JAX,NFL,9,0,1,0,0,0
1622,Tyler Grisham,2009,22,,PIT,NFL,4,0,1,0,0,0
1623,Dan Gronkowski,2009,24,7-255,DET,NFL,2,0,1,0,0,0
1624,Rex Grossman,2009,29,1-22,HOU,NFL,1,0,1,0,0,0
1625,Letroy Guion,2009,22,5-152,MIN,NFL,7,0,1,0,0,0
1626,Matt Gutierrez,2009,25,,KAN,NFL,1,0,1,0,0,0
1627,De'von Hall,2009,22,,IND,NFL,4,0,1,0,0,0
1628,Korey Hall,2009,26,6-191,GNB,NFL,11,5,1,0,0,0
1629,Marcus Hamilton,2009,25,7-245,TAM,NFL,1,0,1,0,0,0
1630,Michael Hamlin,2009,24,5-166,DAL,NFL,6,0,1,0,0,0
1631,Caleb Hanie,2009,24,,CHI,NFL,2,0,1,0,0,0
1632,James Hardy,2009,24,2-41,BUF,NFL,2,0,1,0,0,0
1633,Justin Harper,2009,24,7-215,BAL,NFL,2,0,1,0,0,0
1634,Chris Harrington,2009,24,6-185,JAX,NFL,3,0,1,0,0,0
1635,Marques Harris,2009,28,,2TM,NFL,8,0,1,0,0,0
1636,Ra'Shon Harris,2009,23,6-205,CAR,NFL,2,0,1,0,0,0
1637,Ben Hartsock,2009,29,3-68,NYJ,NFL,16,7,1,0,0,0
1638,Mike Hass,2009,26,6-171,SEA,NFL,1,0,1,0,0,0
1639,Steven Hauschka,2009,24,,BAL,NFL,9,0,1,0,0,0
1640,Verron Haynes,2009,30,5-166,ATL,NFL,7,2,1,0,0,0
1641,Reggie Hayward,2009,30,3-87,JAX,NFL,1,1,1,0,0,0
1642,Madison Hedgecock,2009,28,7-251,NYG,NFL,16,9,1,0,0,0
1643,Erin Henderson,2009,23,,MIN,NFL,2,0,1,0,0,0
1644,Nick Hennessey,2009,23,,BUF,NFL,1,0,1,0,0,0
1645,Chris Henry,2009,24,2-50,TEN,NFL,2,0,1,0,0,0
1646,Robert Henson,2009,23,6-186,WAS,NFL,6,0,1,0,0,0
1647,Craig Hentrich,2009,38,8-200,TEN,NFL,2,0,1,0,0,0
1648,Anthony Hill,2009,24,4-122,HOU,NFL,5,0,1,0,0,0
1649,Darius Hill,2009,24,,CIN,NFL,1,0,1,0,0,0
1650,Peyton Hillis,2009,23,7-227,DEN,NFL,14,2,1,0,0,0
1651,Ellis Hobbs,2009,26,3-84,PHI,NFL,8,0,1,0,0,0
1652,Nathan Hodel,2009,32,,DET,NFL,1,0,1,0,0,0
1653,Reggie Hodges,2009,27,6-210,2TM,NFL,12,0,1,0,0,0
1654,Lendy Holmes,2009,24,,WAS,NFL,8,0,1,0,0,0
1655,Kareem Huggins,2009,23,,TAM,NFL,3,0,1,0,0,0
1656,Dante Hughes,2009,24,3-95,SDG,NFL,1,0,1,0,0,0
1657,Tory Humphrey,2009,26,,NOR,NFL,1,0,1,0,0,0
1658,Israel Idonije,2009,29,,CHI,NFL,15,0,1,0,0,0
1659,Juaquin Iglesias,2009,22,3-99,CHI,NFL,1,0,1,0,0,0
1660,Jack Ikegwuonu,2009,23,4-131,PHI,NFL,1,0,1,0,0,0
1661,Corey Ivy,2009,32,,2TM,NFL,3,0,1,0,0,0
1662,Marlin Jackson,2009,26,1-29,IND,NFL,4,0,1,0,0,0
1663,Rob Jackson,2009,24,7-242,WAS,NFL,5,0,1,0,0,0
1664,Robert James,2009,26,5-138,ATL,NFL,1,0,1,0,0,0
1665,Tim Jamison,2009,23,,HOU,NFL,6,0,1,0,0,0
1666,Ricky Jean-Francois,2009,23,7-244,SFO,NFL,3,0,1,0,0,0
1667,Justin Jenkins,2009,29,,BUF,NFL,12,0,1,0,0,0
1668,Adam Jennings,2009,27,6-184,DET,NFL,1,0,1,0,0,0
1669,Curtis Johnson,2009,24,,DAL,NFL,3,0,1,0,0,0
1670,D.J. Johnson,2009,24,,NYG,NFL,3,0,1,0,0,0
1671,Darcy Johnson,2009,26,,NYG,NFL,13,4,1,0,0,0
1672,David Johnson,2009,22,7-241,PIT,NFL,15,3,1,0,0,0
1673,Gartrell Johnson,2009,23,4-134,NYG,NFL,10,0,1,0,0,0
1674,Jaymar Johnson,2009,25,6-193,MIN,NFL,6,0,1,0,0,0
1675,Jeremi Johnson,2009,29,4-118,CIN,NFL,16,8,1,0,0,0
1676,Marcus Johnson,2009,28,2-49,TAM,NFL,6,0,1,0,0,0
1677,Quinn Johnson,2009,23,5-145,GNB,NFL,9,0,1,0,0,0
1678,Steve Johnson,2009,23,7-224,BUF,NFL,5,0,1,0,0,0
1679,Brandon Jones,2009,27,3-96,SFO,NFL,8,0,1,0,0,0
1680,Edgar Jones,2009,25,,BAL,NFL,16,0,1,0,0,0
1681,Greg Jones,2009,28,2-55,JAX,NFL,13,7,1,0,0,0
1682,Herana-Daze Jones,2009,27,,NOR,NFL,1,0,1,0,0,0
1683,Mark Jones,2009,29,7-206,TEN,NFL,3,0,1,0,0,0
1684,Nate Jones,2009,24,,STL,NFL,1,0,1,0,0,0
1685,William Joseph,2009,30,1-25,OAK,NFL,6,0,1,0,0,0
1686,Cato June,2009,30,6-198,CHI,NFL,1,0,1,0,0,0
1687,Mike Karney,2009,28,5-156,STL,NFL,14,8,1,0,0,0
1688,Brandon Keith,2009,25,7-225,ARI,NFL,4,0,1,0,0,0
1689,Jordan Kent,2009,25,6-210,STL,NFL,5,0,1,0,0,0
1690,William Kershaw,2009,26,,MIA,NFL,1,0,1,0,0,0
1691,Eric King,2009,27,5-156,DET,NFL,4,1,1,0,0,0
1692,Joe Klopfenstein,2009,26,2-46,BUF,NFL,1,1,1,0,0,0
1693,Adam Koets,2009,25,6-189,NYG,NFL,2,0,1,0,0,0
1694,Scott Kooistra,2009,29,7-215,CIN,NFL,4,0,1,0,0,0
1695,Dan Kreider,2009,32,,ARI,NFL,14,3,1,0,0,0
1696,Troy Kropog,2009,23,4-135,TEN,NFL,1,0,1,0,0,0
1697,Matt Lawrence,2009,24,,BAL,NFL,8,0,1,0,0,0
1698,Quinten Lawrence,2009,25,6-175,KAN,NFL,6,1,1,0,0,0
1699,Gerard Lawson,2009,24,,CLE,NFL,5,0,1,0,0,0
1700,Luke Lawton,2009,29,,OAK,NFL,13,3,1,0,0,0
1701,Rodney Leisle,2009,28,5-139,NOR,NFL,1,0,1,0,0,0
1702,Keenan Lewis,2009,23,3-96,PIT,NFL,4,0,1,0,0,0
1703,Roy Lewis,2009,24,,SEA,NFL,8,0,1,0,0,0
1704,Rhys Lloyd,2009,27,,CAR,NFL,16,0,1,0,0,0
1705,Stefan Logan,2009,28,,PIT,NFL,16,1,1,0,0,0
1706,Derek Lokey,2009,24,,KAN,NFL,2,0,1,0,0,0
1707,J.P. Losman,2009,28,1-22,OAK,NFL,1,0,1,0,0,0
1708,Corey Mace,2009,24,,BUF,NFL,2,0,1,0,0,0
1709,Anthony Madison,2009,28,,3TM,NFL,12,0,1,0,0,0
1710,Marcus Mailei,2009,23,,NOR,NFL,2,0,1,0,0,0
1711,Ryan Manalac,2009,24,,BUF,NFL,1,0,1,0,0,0
1712,Brandon Manumaleuna,2009,29,4-129,SDG,NFL,16,5,1,0,0,0
1713,Charly Martin,2009,25,,CAR,NFL,7,0,1,0,0,0
1714,Glenn Martinez,2009,28,,HOU,NFL,7,0,1,0,0,0
1715,Chris Massey,2009,30,7-243,STL,NFL,7,0,1,0,0,0
1716,Michael Matthews,2009,26,,2TM,NFL,7,0,1,0,0,0
1717,Chris McAlister,2009,32,1-10,NOR,NFL,2,0,1,0,0,0
1718,Trumaine McBride,2009,24,7-221,CHI,NFL,1,0,1,0,0,0
1719,Marcus McCauley,2009,26,3-72,DET,NFL,1,0,1,0,0,0
1720,Josh McCown,2009,30,3-81,CAR,NFL,1,0,1,0,0,0
1721,Luke McCown,2009,28,4-106,JAX,NFL,3,0,1,0,0,0
1722,Shaun McDonald,2009,28,4-106,PIT,NFL,4,0,1,0,0,0
1723,Jason McKie,2009,29,,CHI,NFL,16,11,1,0,0,0
1724,Kenny McKinley,2009,22,5-141,DEN,NFL,8,0,1,0,0,0
1725,Paul McQuistan,2009,26,3-69,OAK,NFL,3,0,1,0,0,0
1726,Brit Miller,2009,23,,SFO,NFL,5,0,1,0,0,0
1727,Justin Miller,2009,25,2-57,2TM,NFL,2,0,1,0,0,0
1728,Jayme Mitchell,2009,25,,MIN,NFL,4,0,1,0,0,0
1729,Marko Mitchell,2009,24,7-243,WAS,NFL,10,0,1,0,0,0
1730,Antwaun Molden,2009,24,3-79,HOU,NFL,4,0,1,0,0,0
1731,Tony Moll,2009,26,5-165,BAL,NFL,5,0,1,0,0,0
1732,D.J. Moore,2009,22,4-119,CHI,NFL,3,0,1,0,0,0
1733,William Moore,2009,24,2-55,ATL,NFL,2,0,1,0,0,0
1734,Sean Morey,2009,33,7-241,ARI,NFL,13,0,1,0,0,0
1735,Cameron Morrah,2009,22,7-248,SEA,NFL,3,0,1,0,0,0
1736,Jarvis Moss,2009,25,1-17,DEN,NFL,7,0,1,0,0,0
1737,Sinorice Moss,2009,26,2-44,NYG,NFL,8,0,1,0,0,0
1738,Matthew Mulligan,2009,24,,NYJ,NFL,5,1,1,0,0,0
1739,Shawn Murphy,2009,27,4-110,TAM,NFL,1,0,1,0,0,0
1740,Rico Murray,2009,22,,CIN,NFL,4,0,1,0,0,0
1741,Lydon Murtha,2009,24,7-228,MIA,NFL,1,0,1,0,0,0
1742,Brandon Myers,2009,24,6-202,OAK,NFL,11,2,1,0,0,0
1743,Jesse Nading,2009,24,,HOU,NFL,1,0,1,0,0,0
1744,Jeremy Navarre,2009,22,,JAX,NFL,6,0,1,0,0,0
1745,Ryan Neill,2009,27,,STL,NFL,9,0,1,0,0,0
1746,David Nixon,2009,24,,OAK,NFL,3,0,1,0,0,0
1747,Jake Nordin,2009,25,,DET,NFL,4,1,1,0,0,0
1748,Slade Norris,2009,24,4-126,OAK,NFL,4,0,1,0,0,0
1749,Jordan Norwood,2009,23,,PHI,NFL,1,0,1,0,0,0
1750,Jake O'Connell,2009,24,7-237,KAN,NFL,4,2,1,0,0,0
1751,Oren O'Neal,2009,26,6-175,OAK,NFL,4,0,1,0,0,0
1752,J.T. O'Sullivan,2009,30,6-186,CIN,NFL,3,0,1,0,0,0
1753,Cyril Obiozor,2009,23,,GNB,NFL,5,0,1,0,0,0
1754,Ben Obomanu,2009,26,7-249,SEA,NFL,14,0,1,0,0,0
1755,Chris Ogbonnaya,2009,23,7-211,STL,NFL,2,0,1,0,0,0
1756,Evan Oglesby,2009,28,,MIA,NFL,1,0,1,0,0,0
1757,Rich Ohrnberger,2009,23,4-123,NWE,NFL,3,0,1,0,0,0
1758,Frank Okam,2009,24,5-151,HOU,NFL,3,0,1,0,0,0
1759,Seth Olsen,2009,24,4-132,DEN,NFL,3,0,1,0,0,0
1760,Xavier Omon,2009,24,6-179,BUF,NFL,5,0,1,0,0,0
1761,Buck Ortega,2009,28,,NOR,NFL,1,0,1,0,0,0
1762,Kassim Osgood,2009,29,,SDG,NFL,16,0,1,1,0,0
1763,John Owens,2009,29,5-138,SEA,NFL,16,3,1,0,0,0
1764,Montell Owens,2009,25,,JAX,NFL,16,0,1,0,0,0
1765,Curtis Painter,2009,24,6-201,IND,NFL,2,0,1,0,0,0
1766,Glenn Pakulak,2009,29,,WAS,NFL,2,0,1,0,0,0
1767,Cord Parks,2009,23,,STL,NFL,2,0,1,0,0,0
1768,Jalen Parmele,2009,24,6-176,BAL,NFL,7,0,1,0,0,0
1769,Roscoe Parrish,2009,27,2-55,BUF,NFL,12,0,1,0,0,0
1770,Marcus Paschal,2009,25,,BAL,NFL,2,0,1,0,0,0
1771,Bear Pascoe,2009,23,6-184,NYG,NFL,4,1,1,0,0,0
1772,Chris Patrick,2009,25,,SFO,NFL,3,0,1,0,0,0
1773,Sam Paulescu,2009,25,,2TM,NFL,6,0,1,0,0,0
1774,Alvin Pearman,2009,27,4-127,TEN,NFL,5,0,1,0,0,0
1775,Cedric Peerman,2009,23,6-185,DET,NFL,2,0,1,0,0,0
1776,Charlie Peprah,2009,26,5-158,ATL,NFL,2,0,1,0,0,0
1777,Adrian Peterson,2009,30,6-199,CHI,NFL,14,0,1,0,0,0
1778,Greg Peterson,2009,25,5-141,JAX,NFL,2,0,1,0,0,0
1779,Bryan Pittman,2009,32,,2TM,NFL,7,0,1,0,0,0
1780,Geoffrey Pope,2009,25,,2TM,NFL,5,0,1,0,0,0
1781,Zach Potter,2009,23,,JAX,NFL,1,1,1,0,0,0
1782,Chris Pressley,2009,23,,TAM,NFL,7,3,1,0,0,0
1783,Ricky Price,2009,22,,KAN,NFL,2,0,1,0,0,0
1784,Myron Pryor,2009,23,6-207,NWE,NFL,13,0,1,0,0,0
1785,Maurice Purify,2009,23,,CIN,NFL,5,0,1,0,0,0
1786,Richard Quinn,2009,23,2-64,DEN,NFL,15,0,1,0,0,0
1787,Andre Ramsey,2009,22,,BUF,NFL,2,0,1,0,0,0
1788,Louis Rankin,2009,24,,2TM,NFL,9,0,1,0,0,0
1789,Isaac Redman,2009,25,,PIT,NFL,1,0,1,0,0,0
1790,Marcel Reece,2009,24,,OAK,NFL,2,0,1,0,0,0
1791,Jared Retkofsky,2009,26,,PIT,NFL,2,0,1,0,0,0
1792,Darius Reynaud,2009,25,,MIN,NFL,11,0,1,0,0,0
1793,Garrett Reynolds,2009,22,5-156,ATL,NFL,4,0,1,0,0,0
1794,Tony Richardson,2009,38,,NYJ,NFL,16,10,1,0,0,0
1795,Javon Ringer,2009,22,5-173,TEN,NFL,7,0,1,0,0,0
1796,Derrick Roberson,2009,24,,TAM,NFL,6,0,1,0,0,0
1797,Derreck Robinson,2009,27,,CLE,NFL,3,0,1,0,0,0
1798,Jeff Robinson,2009,39,4-98,SEA,NFL,2,0,1,0,0,0
1799,Michael Robinson,2009,26,4-100,SFO,NFL,15,0,1,0,0,0
1800,Ramzee Robinson,2009,25,7-255,2TM,NFL,7,0,1,0,0,0
1801,William Robinson,2009,25,,WAS,NFL,1,0,1,0,0,0
1802,Justin Rogers,2009,26,6-180,KAN,NFL,1,0,1,0,0,0
1803,Aaron Ross,2009,27,1-20,NYG,NFL,4,1,1,0,0,0
1804,Allen Rossum,2009,34,3-85,2TM,NFL,4,0,1,0,0,0
1805,Ephraim Salaam,2009,33,7-199,DET,NFL,5,0,1,0,0,0
1806,Terdell Sands,2009,30,7-243,NWE,NFL,1,0,1,0,0,0
1807,Owen Schmitt,2009,24,5-163,SEA,NFL,15,1,1,0,0,0
1808,Ricky Schmitt,2009,24,,SFO,NFL,1,0,1,0,0,0
1809,Mike Schneck,2009,32,,ATL,NFL,7,0,1,0,0,0
1810,Adam Seward,2009,27,5-149,JAX,NFL,3,0,1,0,0,0
1811,Kory Sheets,2009,24,,MIA,NFL,2,0,1,0,0,0
1812,Chris Simms,2009,29,3-97,DEN,NFL,3,1,1,0,0,0
1813,Jerome Simpson,2009,23,2-46,CIN,NFL,2,0,1,0,0,0
1814,Matt Slater,2009,24,5-153,NWE,NFL,14,0,1,0,0,0
1815,Alex Smith,2009,27,3-71,PHI,NFL,16,5,1,0,0,0
1816,Clifton Smith,2009,24,,TAM,NFL,11,0,1,0,0,0
1817,Keith Smith,2009,29,3-73,SFO,NFL,3,0,1,0,0,0
1818,Kelvin Smith,2009,25,7-219,CAR,NFL,3,0,1,0,0,0
1819,Kenny Smith,2009,32,3-81,KAN,NFL,6,0,1,0,0,0
1820,Kolby Smith,2009,25,5-148,KAN,NFL,4,0,1,0,0,0
1821,L.J. Smith,2009,29,2-61,BAL,NFL,12,0,1,0,0,0
1822,Shaun Smith,2009,28,,CIN,NFL,3,0,1,0,0,0
1823,Terrelle Smith,2009,31,4-96,DET,NFL,8,0,1,0,0,0
1824,Troy Smith,2009,25,5-174,BAL,NFL,4,0,1,0,0,0
1825,Justin Snow,2009,33,,IND,NFL,16,0,1,0,0,0
1826,Jim Sorgi,2009,29,6-193,IND,NFL,1,0,1,0,0,0
1827,Stephen Spach,2009,27,,ARI,NFL,7,5,1,0,0,0
1828,Matt Spaeth,2009,26,3-77,PIT,NFL,16,8,1,0,0,0
1829,Kory Sperry,2009,24,,MIA,NFL,8,1,1,0,0,0
1830,Brad St. Louis,2009,33,7-210,CIN,NFL,5,0,1,0,0,0
1831,Brian St. Pierre,2009,30,5-163,ARI,NFL,1,0,1,0,0,0
1832,Josh Stamer,2009,32,,2TM,NFL,4,0,1,0,0,0
1833,Isaiah Stanback,2009,25,4-103,NWE,NFL,6,2,1,0,0,0
1834,John Standeford,2009,27,,DET,NFL,2,0,1,0,0,0
1835,Derek Stanley,2009,24,7-249,STL,NFL,2,0,1,0,0,0
1836,Scott Starks,2009,26,3-87,JAX,NFL,5,0,1,0,0,0
1837,Aaron Stecker,2009,34,,ATL,NFL,9,0,1,0,0,0
1838,Craig Stevens,2009,25,3-85,TEN,NFL,12,2,1,0,0,0
1839,Tony Stewart,2009,30,5-147,OAK,NFL,15,4,1,0,0,0
1840,Jonathan Stupar,2009,25,,BUF,NFL,14,2,1,0,0,0
1841,Frank Summers,2009,24,5-169,PIT,NFL,2,1,1,0,0,0
1842,Brett Swain,2009,24,7-217,GNB,NFL,6,0,1,0,0,0
1843,Limas Sweed,2009,25,2-53,PIT,NFL,9,0,1,0,0,0
1844,Kelly Talavou,2009,25,,BAL,NFL,3,0,1,0,0,0
1845,Jacob Tamme,2009,24,4-127,IND,NFL,16,1,1,0,0,0
1846,Brandon Tate,2009,22,3-83,NWE,NFL,2,1,1,0,0,0
1847,Hilee Taylor,2009,23,7-221,CAR,NFL,6,0,1,0,0,0
1848,Tyler Thigpen,2009,25,7-217,2TM,NFL,2,0,1,0,0,0
1849,Josh Thomas,2009,28,,IND,NFL,2,1,1,0,0,0
1850,Marcus Thomas,2009,24,4-121,DEN,NFL,16,0,1,0,0,0
1851,Chaun Thompson,2009,29,2-52,HOU,NFL,3,0,1,0,0,0
1852,Jeremy Thompson,2009,24,4-102,GNB,NFL,6,0,1,0,0,0
1853,Matt Toeaina,2009,25,6-187,CHI,NFL,1,0,1,0,0,0
1854,Pago Togafau,2009,25,,ARI,NFL,2,0,1,0,0,0
1855,Anthony Toribio,2009,24,,GNB,NFL,1,0,1,0,0,0
1856,Leigh Torrence,2009,27,,NOR,NFL,5,0,1,0,0,0
1857,Phil Trautwein,2009,23,,STL,NFL,4,0,1,0,0,0
1858,Woodny Turenne,2009,22,,CHI,NFL,1,0,1,0,0,0
1859,Patrick Turner,2009,22,3-87,MIA,NFL,2,0,1,0,0,0
1860,Robert Turner,2009,25,,NYJ,NFL,13,2,1,0,0,0
1861,David Tyree,2009,29,6-211,BAL,NFL,10,0,1,0,0,0
1862,Jeff Ulbrich,2009,32,3-86,SFO,NFL,4,0,1,0,0,0
1863,Tiquan Underwood,2009,22,7-253,JAX,NFL,3,0,1,0,0,0
1864,Brian Urlacher,2009,31,1-9,CHI,NFL,1,1,1,0,0,0
1865,Fernando Velasco,2009,24,,TEN,NFL,1,0,1,0,0,0
1866,Lawrence Vickers,2009,26,6-180,CLE,NFL,16,9,1,0,0,0
1867,Javon Walker,2009,31,1-20,OAK,NFL,3,0,1,0,0,0
1868,C.J. Wallace,2009,24,,SEA,NFL,5,0,1,0,0,0
1869,Cody Wallace,2009,25,4-107,SFO,NFL,1,0,1,0,0,0
1870,Pierre Walters,2009,23,,KAN,NFL,3,0,1,0,0,0
1871,Chauncey Washington,2009,24,7-213,DAL,NFL,2,0,1,0,0,0
1872,Donald Washington,2009,23,4-102,KAN,NFL,8,0,1,0,0,0
1873,Anthony Waters,2009,25,3-96,NOR,NFL,3,0,1,0,0,0
1874,Ryan Wendell,2009,23,,NWE,NFL,2,0,1,0,0,0
1875,Terrence Wheatley,2009,24,2-62,NWE,NFL,5,0,1,0,0,0
1876,Derrick Williams,2009,23,3-82,DET,NFL,11,0,1,0,0,0
1877,Jamal Williams,2009,33,2-2,SDG,NFL,1,1,1,0,0,0
1878,Jason Williams,2009,23,3-69,DAL,NFL,5,0,1,0,0,0
1879,Javarris Williams,2009,23,7-212,KAN,NFL,4,0,1,0,0,0
1880,Troy Williamson,2009,26,1-7,JAX,NFL,2,1,1,0,0,0
1881,Matt Willis,2009,25,,DEN,NFL,1,1,1,0,0,0
1882,C.J. Wilson,2009,24,7-226,CAR,NFL,7,0,1,0,0,0
1883,Kris Wilson,2009,28,2-61,SDG,NFL,16,0,1,0,0,0
1884,Rod Wilson,2009,28,7-220,TAM,NFL,8,0,1,0,0,0
1885,Jamie Winborn,2009,30,2-47,TEN,NFL,2,0,1,0,0,0
1886,Brian Witherspoon,2009,24,,2TM,NFL,8,0,1,0,0,0
1887,Donovan Woods,2009,24,,PIT,NFL,1,0,1,0,0,0
1888,Jahi Word-Daniels,2009,23,,DET,NFL,2,0,1,0,0,0
1889,Wallace Wright,2009,25,,NYJ,NFL,16,0,1,0,0,0
1890,James Wyche,2009,27,7-213,2TM,NFL,3,0,1,0,0,0
1891,DeShawn Wynn,2009,26,7-228,GNB,NFL,4,0,1,0,0,0
1892,Renaldo Wynn,2009,35,1-21,WAS,NFL,2,0,1,0,0,0
1893,Billy Yates,2009,29,,CLE,NFL,7,0,1,0,0,0
1894,Todd Yoder,2009,31,,WAS,NFL,16,1,1,0,0,0
1895,Albert Young,2009,24,,MIN,NFL,7,0,1,0,0,0
1896,Joe Zelenka,2009,33,,ATL,NFL,5,0,1,0,0,0
1897,Keith Zinger,2009,25,7-232,ATL,NFL,15,2,1,0,0,0
1898,Mike Nugent,2009,27,2-47,2TM,NFL,6,0,1,0,0,-1
1899,Kyle Boller,2009,28,1-19,STL,NFL,7,4,1,0,0,-2
1900,JaMarcus Russell,2009,24,1-1,OAK,NFL,12,9,1,0,0,-2
1901,Derek Anderson,2009,26,6-213,CLE,NFL,8,7,1,0,0,-4
